document_id,source_path,source_fingerprint,n_content,nhom
wsc-00428f9482636841c4638269,D:\Sandbox\AIOS_habbit\local_runs\workspace_chat_rag_v2_canary\materialized_sources\wsc-00428f9482636841c4638269.txt,20d0bbb6c3ae801b0a48ecb92fe7debe873565072f1bbf4f27a0fac96787df97,5,nhieu-manh
wsc-00438611f8e3f3d244934723,D:\Sandbox\AIOS_habbit\local_runs\workspace_chat_rag_v2_canary\materialized_sources\wsc-00438611f8e3f3d244934723.txt,8b4b928d671acbdadbd0c01d7c2c2ec699e98c805bbd9a618b83d5c2f4751354,9,nhieu-manh
wsc-00557b84e95c9fb3504e582e,D:\Sandbox\AIOS_habbit\local_runs\workspace_chat_rag_v2_canary\materialized_sources\wsc-00557b84e95c9fb3504e582e.txt,b4bac448dfbf5855ef50fb96ab279a65ff27cc1d2fda028a9a943d497df4d31f,42,nhieu-manh
wsc-006998d9fbb692500808f741,D:\Sandbox\AIOS_habbit\local_runs\workspace_chat_rag_v2_canary\materialized_sources\wsc-006998d9fbb692500808f741.txt,ee7568462cd016f5d10c54944fb5cce2accf570e9ab97e4888a7388dedc4855d,7,nhieu-manh
wsc-015a1b6d9a94dc147ca10588,C:\AIOS_workspace_chat_rag_v2_production\materialized_sources\wsc-015a1b6d9a94dc147ca10588.txt,015a1b6d9a94dc147ca1058808d4daa85266377ea2c2eafe018182b05b8d7450,31,nhieu-manh
wsc-0196f88a377d0f46d88160fb,D:\Sandbox\AIOS_habbit\local_runs\workspace_chat_rag_v2_canary\materialized_sources\wsc-0196f88a377d0f46d88160fb.txt,f66e2eeb3de8e6d5aad8a9dacb06d89c4647e6cb244cb914ac9ad7716632657c,358,nhieu-manh
wsc-037c28842e209b28625d6157,D:\Sandbox\AIOS_habbit\local_runs\workspace_chat_rag_v2_canary\materialized_sources\wsc-037c28842e209b28625d6157.txt,037c28842e209b28625d6157f5d7f0839561ff32274ee4d583a6d93cbd7c340b,4,nhieu-manh
wsc-045417eda8a424bb68259105,C:\AIOS_workspace_chat_rag_v2_production\materialized_sources\wsc-045417eda8a424bb68259105.txt,045417eda8a424bb682591054fc075010949d223834aa1d95e8a0a4416d3d107,10,nhieu-manh
wsc-04ae32689118099604c3dee8,D:\Sandbox\AIOS_habbit\local_runs\workspace_chat_rag_v2_canary\materialized_sources\wsc-04ae32689118099604c3dee8.txt,0f2cda9fbdf101c7e22132a24ad4f5a8652ec78d2562e84f61733cd3a8f08b17,13,nhieu-manh
wsc-04c3db879b730cb0c53063f6,D:\Sandbox\AIOS_habbit\local_runs\workspace_chat_rag_v2_canary\materialized_sources\wsc-04c3db879b730cb0c53063f6.txt,72da435fb7cabafd12681b0ed7bb0ff3c3d274363589d4fd6d391731d06c3385,6,nhieu-manh
wsc-0537fd89ce0396da6ebbdec6,D:\Sandbox\AIOS_habbit\local_runs\workspace_chat_rag_v2_canary\materialized_sources\wsc-0537fd89ce0396da6ebbdec6.txt,1f4b5ad0445bcada7b6d21f57f2e63a29c4fd5dc5b3c09ee5d7d8e4c41434de0,14,nhieu-manh
wsc-0603d773386b44af8c901ddf,D:\Sandbox\AIOS_habbit\local_runs\workspace_chat_rag_v2_canary\materialized_sources\wsc-0603d773386b44af8c901ddf.txt,fb5de900c451bfbde7473049e857895844e78a25a50d7ae8d1ad2cd751c3bf5e,1312,nhieu-manh
wsc-065f01adfd8f91412529410f,D:\Sandbox\AIOS_habbit\local_runs\workspace_chat_rag_v2_canary\materialized_sources\wsc-065f01adfd8f91412529410f.txt,461872a8e19251aeece5c2f8fef2694dc068ad6b0a9a03b5f8921a1d2bc23fa3,7,nhieu-manh
wsc-06dd073629bf411f998d8358,D:\Sandbox\AIOS_habbit\local_runs\workspace_chat_rag_v2_canary\materialized_sources\wsc-06dd073629bf411f998d8358.txt,9b3d73d4784782bb47cbd9815efeea5de3302c9d91a17af3e942535f8cd656a0,46,nhieu-manh
wsc-08d8d7616f71e6b9ae67940f,C:\AIOS_workspace_chat_rag_v2_production\materialized_sources\wsc-08d8d7616f71e6b9ae67940f.txt,08d8d7616f71e6b9ae67940f3ee23f26877351f39247a54a1675c7120a1a3bbc,40,nhieu-manh
wsc-0949b929991f28e194414f13,D:\Sandbox\AIOS_habbit\local_runs\workspace_chat_rag_v2_canary\materialized_sources\wsc-0949b929991f28e194414f13.txt,907c2768d2b27691f9782f1244520d9147f3df1c9315448cb3d37e9bd99d7a49,100,nhieu-manh
wsc-097fe6a008b410dc299a0948,C:\AIOS_workspace_chat_rag_v2_production\materialized_sources\wsc-097fe6a008b410dc299a0948.txt,097fe6a008b410dc299a0948f27a66e5630d11d71152304a646aa3e4a07ef3e4,10,nhieu-manh
wsc-097ffc38b07f11cf53843ead,D:\Sandbox\AIOS_habbit\local_runs\workspace_chat_rag_v2_canary\materialized_sources\wsc-097ffc38b07f11cf53843ead.txt,f77b50c029736f6e57fdd5fcadd6ea0ebb3f38f4d9d50b0c3e07ae0bca58ac16,18,nhieu-manh
wsc-09824ff6e09ca255c727537b,D:\Sandbox\AIOS_habbit\local_runs\workspace_chat_rag_v2_canary\materialized_sources\wsc-09824ff6e09ca255c727537b.txt,93dd9ae595d1633e1904ece1ecb50846700a09722211d8e61af360a0be866346,13,nhieu-manh
wsc-09d5dcaf3f94ddb5f9d6f8ac,D:\Sandbox\AIOS_habbit\local_runs\workspace_chat_rag_v2_canary\materialized_sources\wsc-09d5dcaf3f94ddb5f9d6f8ac.txt,73d2be9f72bcfe1792ab72cc6e1ffabc61dbf1d780560ff62ba10d46f448865e,12,nhieu-manh
wsc-0ac3ea307df810908f4446a5,D:\Sandbox\AIOS_habbit\local_runs\workspace_chat_rag_v2_canary\materialized_sources\wsc-0ac3ea307df810908f4446a5.txt,2f65acf9c3e89b80c806b5db85ff6902008e40da1949ac81799a08b5670c5514,82,nhieu-manh
wsc-0b2c3cfc2f8115b362e9224e,D:\Sandbox\AIOS_habbit\local_runs\workspace_chat_rag_v2_canary\materialized_sources\wsc-0b2c3cfc2f8115b362e9224e.txt,2c262db58272bf1032fb4023021d8440551a1dc5493d72d6b7ca17dce975b2f1,9,nhieu-manh
wsc-0bc9396d5a8435295af0813d,D:\Sandbox\AIOS_habbit\local_runs\workspace_chat_rag_v2_canary\materialized_sources\wsc-0bc9396d5a8435295af0813d.txt,803436a6d602b9775a3c0a44c6ceecefde6025042a3cb3d861fc9655aa5cc3ca,16,nhieu-manh
wsc-0c15280f4188b2c31c1c0b58,D:\Sandbox\AIOS_habbit\local_runs\workspace_chat_rag_v2_canary\materialized_sources\wsc-0c15280f4188b2c31c1c0b58.txt,a213bec5096ccf9d1a651a829b84d717d1f688658410716c2dbd61219c2ead63,22,nhieu-manh
wsc-0c56778d7c1842c109f826cc,D:\Sandbox\AIOS_habbit\local_runs\workspace_chat_rag_v2_canary\materialized_sources\wsc-0c56778d7c1842c109f826cc.txt,523f6032529afe281f36f25dc88e9c4614f89785d9b9269bbdf322a050e88d7a,3276,nhieu-manh
wsc-0cddcf9be6a24416a3265bc0,D:\Sandbox\AIOS_habbit\local_runs\workspace_chat_rag_v2_canary\materialized_sources\wsc-0cddcf9be6a24416a3265bc0.txt,aa9caf3cb3fb6f7db7b1651d6e670119906a8b3ff18a661bd38e503056ba7ab6,8,nhieu-manh
wsc-0ce34911516dce8b4341458b,D:\Sandbox\AIOS_habbit\local_runs\workspace_chat_rag_v2_canary\materialized_sources\wsc-0ce34911516dce8b4341458b.txt,8ca09df0112b8c8d0179c1243bb3543d914859e2684289cb10c1a7140dc9fee8,3,nhieu-manh
wsc-0debd6cc0931f29fbfcc3ff1,D:\Sandbox\AIOS_habbit\local_runs\workspace_chat_rag_v2_canary\materialized_sources\wsc-0debd6cc0931f29fbfcc3ff1.txt,b203a9c27bbf0bce312ed18fa92b0dc07ead4f16a5adf8f13dc1dbb3916ee2ca,9,nhieu-manh
wsc-0dfeef5924e6ac4bce171ccf,D:\Sandbox\AIOS_habbit\local_runs\workspace_chat_rag_v2_canary\materialized_sources\wsc-0dfeef5924e6ac4bce171ccf.txt,fe00352789f0bb2c8d9f571bf7df343760b7171f5801736e00756bc046e76f73,8,nhieu-manh
wsc-0e101cefe1d7c8af523c9e3e,D:\Sandbox\AIOS_habbit\local_runs\workspace_chat_rag_v2_canary\materialized_sources\wsc-0e101cefe1d7c8af523c9e3e.txt,8d2633413b1d30008db017ae0c6c80bb436a28d9edc77b77dd529157b05dd491,8,nhieu-manh
wsc-0e3642278207c7c84eba8acd,C:\AIOS_workspace_chat_rag_v2_production\materialized_sources\wsc-0e3642278207c7c84eba8acd.txt,0e3642278207c7c84eba8acd995eb6aacfb180fcff8227f6d03a63f136e13733,7,nhieu-manh
wsc-0f1d8764dd417ca17696556e,D:\Sandbox\AIOS_habbit\local_runs\workspace_chat_rag_v2_canary\materialized_sources\wsc-0f1d8764dd417ca17696556e.txt,3c1a5cb88ef0986edf87e44ee8eece9af5b0c013909a22ce92a4c26b20cba20d,49,nhieu-manh
wsc-10885646e1efad265d1b7245,D:\Sandbox\AIOS_habbit\local_runs\workspace_chat_rag_v2_canary\materialized_sources\wsc-10885646e1efad265d1b7245.txt,1d6b1882a2f5a737855ccf9220d78a76f29ac0899e4e61c7502a7a9e9b927966,7,nhieu-manh
wsc-118d0600a2a94d418f2880ac,D:\Sandbox\AIOS_habbit\local_runs\workspace_chat_rag_v2_canary\materialized_sources\wsc-118d0600a2a94d418f2880ac.txt,38c83e012535c1c00a21b3a566a888735ab68d560330abaaee7a7f91707421e3,27,nhieu-manh
wsc-11f5fbf5720d445b40967b4f,D:\Sandbox\AIOS_habbit\local_runs\workspace_chat_rag_v2_canary\materialized_sources\wsc-11f5fbf5720d445b40967b4f.txt,bfbdd33cacd73c3e69d1ca2b51687ff74947bd228c9060ba2a0002a164e2af7f,4,nhieu-manh
wsc-130f6507201b63a1958a8601,D:\Sandbox\AIOS_habbit\local_runs\workspace_chat_rag_v2_canary\materialized_sources\wsc-130f6507201b63a1958a8601.txt,4e858aea70dace3b537a9ea8ea7ec00c5bfc8852d11759782f18264e3ef8539e,7,nhieu-manh
wsc-13dc5d0d8ae16e8c31bdf1f1,D:\Sandbox\AIOS_habbit\local_runs\workspace_chat_rag_v2_canary\materialized_sources\wsc-13dc5d0d8ae16e8c31bdf1f1.txt,d8f073a693fd2a48620bf944c5ad0aa9ea58773dcf93b62aaddd97e2973c1d6a,7,nhieu-manh
wsc-13e7af8eda332bcf0a69d92e,D:\Sandbox\AIOS_habbit\local_runs\workspace_chat_rag_v2_canary\materialized_sources\wsc-13e7af8eda332bcf0a69d92e.txt,12c6b5f990bb19a2ebf8670c460dce1a5b595635addd02bcd22dbb59af219186,48,nhieu-manh
wsc-1526cbd0e45f7c07240030b8,C:\AIOS_workspace_chat_rag_v2_production\materialized_sources\wsc-1526cbd0e45f7c07240030b8.txt,1526cbd0e45f7c07240030b843b0e0e62531eb6a3fe23f112146937eb1e50b38,43,nhieu-manh
wsc-1696cf072a16a43c802ff100,D:\Sandbox\AIOS_habbit\local_runs\workspace_chat_rag_v2_canary\materialized_sources\wsc-1696cf072a16a43c802ff100.txt,a6a2f8e35fcd39055135d21c1c09300f25895556e5cdbe279f021bb7d77969bb,1,1-manh-lech
wsc-16b07714040fa97f80b82d59,D:\Sandbox\AIOS_habbit\local_runs\workspace_chat_rag_v2_canary\materialized_sources\wsc-16b07714040fa97f80b82d59.txt,e673f1acf617b27af076d5d7630ad991dd3f478127103ba1cd5264c6303641a2,10,nhieu-manh
wsc-18003f087932b2e7e326c931,D:\Sandbox\AIOS_habbit\local_runs\workspace_chat_rag_v2_canary\materialized_sources\wsc-18003f087932b2e7e326c931.txt,84a585054325c59599cab98118f2f79eb7319c12c5c0da981ab873d66ab705d4,395,nhieu-manh
wsc-19210ff0c52dbcba6f156813,D:\Sandbox\AIOS_habbit\local_runs\workspace_chat_rag_v2_canary\materialized_sources\wsc-19210ff0c52dbcba6f156813.txt,de26fcfaf787571ca5243ceb8e8946aea43a3c7fc1a48bce5f1773afdf8d844d,8,nhieu-manh
wsc-1b5939b5c43b5a48f6af8ff5,D:\Sandbox\AIOS_habbit\local_runs\workspace_chat_rag_v2_canary\materialized_sources\wsc-1b5939b5c43b5a48f6af8ff5.txt,13de04e5d10613dc928adf9182dd99fbfe4408711e23b490183bad6829b7c71a,10,nhieu-manh
wsc-1b661fb170798e66bb7de3a1,D:\Sandbox\AIOS_habbit\local_runs\workspace_chat_rag_v2_canary\materialized_sources\wsc-1b661fb170798e66bb7de3a1.txt,8f9caa49cee9d05bb1f76bd271c8c5060586e2a1038494e81566f3f4f1e54906,25,nhieu-manh
wsc-1b737eb997502d0f546982dc,D:\Sandbox\AIOS_habbit\local_runs\workspace_chat_rag_v2_canary\materialized_sources\wsc-1b737eb997502d0f546982dc.txt,831d5d9b2124642784bc0fb31c024751c6cd9cdf2f0500e5d40ebead6e2226fb,19,nhieu-manh
wsc-1bf77cfe359bae2fbc68c729,D:\Sandbox\AIOS_habbit\local_runs\workspace_chat_rag_v2_canary\materialized_sources\wsc-1bf77cfe359bae2fbc68c729.txt,a5fc9c2824cb9a3c900f712ae02d60e566efcdfbbe7bfbac9332c135d68c75b3,7,nhieu-manh
wsc-1c32eff929cdd48b35b92a21,D:\Sandbox\AIOS_habbit\local_runs\workspace_chat_rag_v2_canary\materialized_sources\wsc-1c32eff929cdd48b35b92a21.txt,da19353f370d528435f536098924d0285f3472011adbdc957200607490055c33,12,nhieu-manh
wsc-1c8461634ff2e1af4c617ee0,D:\Sandbox\AIOS_habbit\local_runs\workspace_chat_rag_v2_canary\materialized_sources\wsc-1c8461634ff2e1af4c617ee0.txt,98aae25b562b6d553fbe14c8c17cd09d7c6bcaed63b81aa281f015f8a4e3492d,9,nhieu-manh
wsc-1d6a06690fd87180c59240d0,C:\AIOS_workspace_chat_rag_v2_production\materialized_sources\wsc-1d6a06690fd87180c59240d0.txt,1d6a06690fd87180c59240d06cace7f2e3a181fe6383f9878742d6537ef6f678,4,nhieu-manh
wsc-1e00d058fb53d977664395cf,D:\Sandbox\AIOS_habbit\local_runs\workspace_chat_rag_v2_canary\materialized_sources\wsc-1e00d058fb53d977664395cf.txt,0e204590e44d9871a303532616a6d600e5304fb4c2ea67bd8e6bfd6d9bf2949e,73,nhieu-manh
wsc-1e085174af345d01afbf88d6,C:\AIOS_workspace_chat_rag_v2_production\materialized_sources\wsc-1e085174af345d01afbf88d6.txt,1e085174af345d01afbf88d651477fd0ddf9e2774e1543025df9554b1a094b51,78,nhieu-manh
wsc-1e3242146bc66fa20389b143,D:\Sandbox\AIOS_habbit\local_runs\workspace_chat_rag_v2_canary\materialized_sources\wsc-1e3242146bc66fa20389b143.txt,4d1081747f4c9d5a451617af559e9829bf64cd9c4863f974eb217a9756c5a14a,11,nhieu-manh
wsc-1f82d84d72992f70bf7897f4,D:\Sandbox\AIOS_habbit\local_runs\workspace_chat_rag_v2_canary\materialized_sources\wsc-1f82d84d72992f70bf7897f4.txt,ae1f8dee3b0d726c245e75b1de8f7b84694610daed2d20645abe353e7947b1ca,7,nhieu-manh
wsc-1fcb1ee9191657a7a56c478d,D:\Sandbox\AIOS_habbit\local_runs\workspace_chat_rag_v2_canary\materialized_sources\wsc-1fcb1ee9191657a7a56c478d.txt,5b7fdbda47204132747b9048d9f2b0a1936f156a5653d17656b8a5d123bb6086,9,nhieu-manh
wsc-230baee36cd917aefc37d5e9,D:\Sandbox\AIOS_habbit\local_runs\workspace_chat_rag_v2_canary\materialized_sources\wsc-230baee36cd917aefc37d5e9.txt,7cfcd21dd1a4456da437283cda52b33d7166659824c72116a380bcc4d06a03a1,115,nhieu-manh
wsc-2335294212d0f129b375d3db,D:\Sandbox\AIOS_habbit\local_runs\workspace_chat_rag_v2_canary\materialized_sources\wsc-2335294212d0f129b375d3db.txt,ec558e260180b016ebf004b7ca9910c6023984102058a6fa7f8255f29ac1964e,16,nhieu-manh
wsc-2340acdb03f71fc0a04fd77f,D:\Sandbox\AIOS_habbit\local_runs\workspace_chat_rag_v2_canary\materialized_sources\wsc-2340acdb03f71fc0a04fd77f.txt,c56d48d8c1b3f64b9e760b271571a7a0939faee84b79874c09f1ee50915ebba9,500,nhieu-manh
wsc-239fe1602c23dc5e981d2453,D:\Sandbox\AIOS_habbit\local_runs\workspace_chat_rag_v2_canary\materialized_sources\wsc-239fe1602c23dc5e981d2453.txt,589052867ad6a8d354d96564a170007c336fca8e348b65cb6fc43d2632f21a79,5,nhieu-manh
wsc-24b71cbf146e848d9ae79ae1,D:\Sandbox\AIOS_habbit\local_runs\workspace_chat_rag_v2_canary\materialized_sources\wsc-24b71cbf146e848d9ae79ae1.txt,f6ba4d28c2245d2f32e832ff2b38d99ced7c04e4819339cb8d68d165e3bceba5,12,nhieu-manh
wsc-263b82782ff9d692d840559b,D:\Sandbox\AIOS_habbit\local_runs\workspace_chat_rag_v2_canary\materialized_sources\wsc-263b82782ff9d692d840559b.txt,5d1928f7b27f697511d7c271ffb71adce61d019f0ad7b697ec2be61f8c9df431,11,nhieu-manh
wsc-263e3d627626ceeabf093628,D:\Sandbox\AIOS_habbit\local_runs\workspace_chat_rag_v2_canary\materialized_sources\wsc-263e3d627626ceeabf093628.txt,6b4c99262801b4a758fc47713cc63476f22f78046d040293c80d8ab3e21b58f8,8,nhieu-manh
wsc-26c5000f2fe11a6c8c8dd3db,D:\Sandbox\AIOS_habbit\local_runs\workspace_chat_rag_v2_canary\materialized_sources\wsc-26c5000f2fe11a6c8c8dd3db.txt,49b776254097958820236bb5729f546b08e55dcd0c0790a5561fb4a5a4b9cd00,8,nhieu-manh
wsc-27cf749e5aa7038c98c57853,D:\Sandbox\AIOS_habbit\local_runs\workspace_chat_rag_v2_canary\materialized_sources\wsc-27cf749e5aa7038c98c57853.txt,09fa557bf7b04144713246c0e279d674a8fd2c7ecb4aa6667dd4f2c97e2aec0c,10,nhieu-manh
wsc-27e813cafafe24b83a35cd4f,D:\Sandbox\AIOS_habbit\local_runs\workspace_chat_rag_v2_canary\materialized_sources\wsc-27e813cafafe24b83a35cd4f.txt,1ee0b7e1c8423ee15f23c2447d482d7686e752d2642ea93cf6797d2e6de27338,8,nhieu-manh
wsc-27f6e2dfcc821e188e1d88d0,D:\Sandbox\AIOS_habbit\local_runs\workspace_chat_rag_v2_canary\materialized_sources\wsc-27f6e2dfcc821e188e1d88d0.txt,ef7cd5a55e0198d2315bebcb2ba13e28a10dda75ce33c57870630b8e842a3c94,7,nhieu-manh
wsc-288bd4faf48b948b1f387e31,D:\Sandbox\AIOS_habbit\local_runs\workspace_chat_rag_v2_canary\materialized_sources\wsc-288bd4faf48b948b1f387e31.txt,9d7714f5e1c311353bd753eb72b25d311ea3213c6b508de9d8ae5390b998c91f,9,nhieu-manh
wsc-297dea46dc11bddb9241f659,D:\Sandbox\AIOS_habbit\local_runs\workspace_chat_rag_v2_canary\materialized_sources\wsc-297dea46dc11bddb9241f659.txt,5a80924fb5de0f7d3bb1bfdf8a0e12a29b34dbbc15125e366ffe863ebbcf7a2e,7,nhieu-manh
wsc-29abb276a2ec3d199058e392,D:\Sandbox\AIOS_habbit\local_runs\workspace_chat_rag_v2_canary\materialized_sources\wsc-29abb276a2ec3d199058e392.txt,f43e09b23bf8954eb35e294acb9119d3c97077eb882fc1ab376b1d2323f5a884,12,nhieu-manh
wsc-2a6baf287b751fcc5b7fa904,D:\Sandbox\AIOS_habbit\local_runs\workspace_chat_rag_v2_canary\materialized_sources\wsc-2a6baf287b751fcc5b7fa904.txt,cb9ca04f5aae7122208a8562a1acefa88c1c67b12480c9637203562f6b560e94,10,nhieu-manh
wsc-2bd895f0a4f4e3eed4967dd5,D:\Sandbox\AIOS_habbit\local_runs\workspace_chat_rag_v2_canary\materialized_sources\wsc-2bd895f0a4f4e3eed4967dd5.txt,ac455835d93e10b1d4d81ecf0af899ed64ad413cb6e57ae0a0a5b52bc0cf0d84,11,nhieu-manh
wsc-2c54e5a4b9fc88562a95bc3c,D:\Sandbox\AIOS_habbit\local_runs\workspace_chat_rag_v2_canary\materialized_sources\wsc-2c54e5a4b9fc88562a95bc3c.txt,bfe413b238da5b55528043e23f34c5e23844dc3f34d9fd114c8597df454c81d7,8,nhieu-manh
wsc-2c5b5ab6d3275d37196b4910,D:\Sandbox\AIOS_habbit\local_runs\workspace_chat_rag_v2_canary\materialized_sources\wsc-2c5b5ab6d3275d37196b4910.txt,f3dbcab0fc3621c22cef59be2f6ad675c75bb97a8df072a6771047f484f652fa,6,nhieu-manh
wsc-2d528c22ed8a8466fba9c9bd,C:\AIOS_workspace_chat_rag_v2_production\materialized_sources\wsc-2d528c22ed8a8466fba9c9bd.txt,2d528c22ed8a8466fba9c9bd226629a64b5467b5caf32fb15bb8355a0b81ccce,110,nhieu-manh
wsc-2d62e0b3a3ca889c7679ed93,D:\Sandbox\AIOS_habbit\local_runs\workspace_chat_rag_v2_canary\materialized_sources\wsc-2d62e0b3a3ca889c7679ed93.txt,2d62e0b3a3ca889c7679ed930dbcec5bc61c145483e548db0b27c88e32d4dcc2,8,nhieu-manh
wsc-2d84a2cd75c94e30e8cbecd1,D:\Sandbox\AIOS_habbit\local_runs\workspace_chat_rag_v2_canary\materialized_sources\wsc-2d84a2cd75c94e30e8cbecd1.txt,e22e0ba86693483eccc633910ec6e71b4932c13ed78e2bbcdbfe3ebcfece4212,13,nhieu-manh
wsc-2f3e5b720c50316fd816a04d,D:\Sandbox\AIOS_habbit\local_runs\workspace_chat_rag_v2_canary\materialized_sources\wsc-2f3e5b720c50316fd816a04d.txt,6dd0289e30a455ae1f7f8b72fadbd38b5804eecc21402cce6c10664e6b8e0714,21,nhieu-manh
wsc-2f4f337f46c13cb099d8a2eb,D:\Sandbox\AIOS_habbit\local_runs\workspace_chat_rag_v2_canary\materialized_sources\wsc-2f4f337f46c13cb099d8a2eb.txt,51c83bb5e90ce74d3b6370208e6fb07ba7ce2f38d361659989309565eb4c9b23,9,nhieu-manh
wsc-32b1df20c4f70b8206bb89b8,D:\Sandbox\AIOS_habbit\local_runs\workspace_chat_rag_v2_canary\materialized_sources\wsc-32b1df20c4f70b8206bb89b8.txt,1d7703ec4295cc594c2e3f567b73e18c90d5592e900d555b50764fccbbb7fcca,8,nhieu-manh
wsc-32d335de53deecb7234400bb,D:\Sandbox\AIOS_habbit\local_runs\workspace_chat_rag_v2_canary\materialized_sources\wsc-32d335de53deecb7234400bb.txt,b15d51eb3d42e1a35c07a9c7ec8f407a7c0e7f39b39cc7b504cfd094b190e18a,19,nhieu-manh
wsc-333ca7a39d0c430f85b28423,D:\Sandbox\AIOS_habbit\local_runs\workspace_chat_rag_v2_canary\materialized_sources\wsc-333ca7a39d0c430f85b28423.txt,c32dec7055fa70dd6aa47e14f1fe3a6044c37ce1efdafa2cfb503179f3fe1432,16,nhieu-manh
wsc-3417cc72cb93591e9b55602f,D:\Sandbox\AIOS_habbit\local_runs\workspace_chat_rag_v2_canary\materialized_sources\wsc-3417cc72cb93591e9b55602f.txt,12d7a7bab0dd9a244313eae0cc31d83d469a4bb2e2c60cfbe1dbfae4129422e5,8,nhieu-manh
wsc-344830b293043794fd124c51,D:\Sandbox\AIOS_habbit\local_runs\workspace_chat_rag_v2_canary\materialized_sources\wsc-344830b293043794fd124c51.txt,c2d4fe20bbfd3219420c95691c7fa2a33a975dbdd4daf3e6357fce632ce0fea6,12,nhieu-manh
wsc-360072f49f74e5a639fe0cc0,D:\Sandbox\AIOS_habbit\local_runs\workspace_chat_rag_v2_canary\materialized_sources\wsc-360072f49f74e5a639fe0cc0.txt,e155f3c122ed7d0b47ae43240d497b8d0f8af47f9b0de714e3f7b77249f6efb8,9,nhieu-manh
wsc-3756454c27e91ffade455f15,D:\Sandbox\AIOS_habbit\local_runs\workspace_chat_rag_v2_canary\materialized_sources\wsc-3756454c27e91ffade455f15.txt,72b177b9dab655fc0371095fd798d78a99341844243faaa22bb4e936afa25b03,37,nhieu-manh
wsc-37cde0df4a074bd346648c4e,D:\Sandbox\AIOS_habbit\local_runs\workspace_chat_rag_v2_canary\materialized_sources\wsc-37cde0df4a074bd346648c4e.txt,d0ca3885b16813c9ff7bc606a09209eca5296afac0953e0950a4a9d31ad8a5dc,8,nhieu-manh
wsc-38443b0ef20671b7b40c8d4d,D:\Sandbox\AIOS_habbit\local_runs\workspace_chat_rag_v2_canary\materialized_sources\wsc-38443b0ef20671b7b40c8d4d.txt,6621a49362de8094faeef6e3ae9fb4694e91b0209b614e73450c9be5f693b133,7,nhieu-manh
wsc-3862a76468aee5575cd502c5,D:\Sandbox\AIOS_habbit\local_runs\workspace_chat_rag_v2_canary\materialized_sources\wsc-3862a76468aee5575cd502c5.txt,1d726d2b3a7f33aab7600b36d6598088e31b11e0664b4a6169278f55dbe5ebb4,21,nhieu-manh
wsc-38b2cd6236cebb3f18cd7f6f,D:\Sandbox\AIOS_habbit\local_runs\workspace_chat_rag_v2_canary\materialized_sources\wsc-38b2cd6236cebb3f18cd7f6f.txt,cf637181cd88adbdf54247c02074aa2988a24532fa72ed1d7e717fd5fc097b0d,9,nhieu-manh
wsc-38c83e012535c1c00a21b3a5,C:\AIOS_workspace_chat_rag_v2_production\materialized_sources\wsc-38c83e012535c1c00a21b3a5.txt,38c83e012535c1c00a21b3a566a888735ab68d560330abaaee7a7f91707421e3,35,nhieu-manh
wsc-38f34c3e62c49e8f08f88eb0,D:\Sandbox\AIOS_habbit\local_runs\workspace_chat_rag_v2_canary\materialized_sources\wsc-38f34c3e62c49e8f08f88eb0.txt,af13bec650835d31409c7231169e1f34a972d51370f9e0e7c0fa453ab71a782c,7,nhieu-manh
wsc-39e9bc221c8739784711443d,D:\Sandbox\AIOS_habbit\local_runs\workspace_chat_rag_v2_canary\materialized_sources\wsc-39e9bc221c8739784711443d.txt,31ae2b8c35f2d1cd4b58380bdb669696f0301c49137c89edec74889c5342d5ed,8,nhieu-manh
wsc-3a6cd2f22301364893742ddb,D:\Sandbox\AIOS_habbit\local_runs\workspace_chat_rag_v2_canary\materialized_sources\wsc-3a6cd2f22301364893742ddb.txt,fe7a4e71edb93d6c3da0cc7f3cbfdf863da7d5e595d0136b7db323fd15f4f349,8,nhieu-manh
wsc-3aa8ca33e183741d43b4ec60,D:\Sandbox\AIOS_habbit\local_runs\workspace_chat_rag_v2_canary\materialized_sources\wsc-3aa8ca33e183741d43b4ec60.txt,e394047980d5b9a99d69a059d10a6178b54ca293ee13f1de205e1020b0e878b2,30,nhieu-manh
wsc-3b0a03602329b711cca4928c,D:\Sandbox\AIOS_habbit\local_runs\workspace_chat_rag_v2_canary\materialized_sources\wsc-3b0a03602329b711cca4928c.txt,045417eda8a424bb682591054fc075010949d223834aa1d95e8a0a4416d3d107,10,nhieu-manh
wsc-3bca9339ea369420675341e0,D:\Sandbox\AIOS_habbit\local_runs\workspace_chat_rag_v2_canary\materialized_sources\wsc-3bca9339ea369420675341e0.txt,2a8c2c7b7d09132d2932ccbe22f72d892e53ae60128ea7f8ca52c58a237f3af7,12,nhieu-manh
wsc-3be416fb975b60f419ade492,D:\Sandbox\AIOS_habbit\local_runs\workspace_chat_rag_v2_canary\materialized_sources\wsc-3be416fb975b60f419ade492.txt,6448ce3111e41ab74f4df66945b4e2fde307a382ff78fab3ba30a2e82e2c8fe2,11,nhieu-manh
wsc-3c7e472ad026f0847800684d,D:\Sandbox\AIOS_habbit\local_runs\workspace_chat_rag_v2_canary\materialized_sources\wsc-3c7e472ad026f0847800684d.txt,6ab3d160d81131e71210cfcdb43e1120a73196cb35360c5a72422b356da63c0b,9,nhieu-manh
wsc-3caf4b6aacbde11a595a308e,D:\Sandbox\AIOS_habbit\local_runs\workspace_chat_rag_v2_canary\materialized_sources\wsc-3caf4b6aacbde11a595a308e.txt,588d8547c4706a92aefa2e683b65bb2edb54d58d19ebc01dda30c6cb597fc022,12,nhieu-manh
wsc-3d9aa320fd815c22934dd257,D:\Sandbox\AIOS_habbit\local_runs\workspace_chat_rag_v2_canary\materialized_sources\wsc-3d9aa320fd815c22934dd257.txt,f9023c0563ba2766f0d71ef5db9d4676f9b452cc8aaf93b99529298a6047674b,6,nhieu-manh
wsc-40bdd214dfe35b952256faf1,C:\AIOS_workspace_chat_rag_v2_production\materialized_sources\wsc-40bdd214dfe35b952256faf1.txt,40bdd214dfe35b952256faf1e2d7f8615594287ec034de0f41ab4c167039c98f,4,nhieu-manh
wsc-419a613474ecac902ecfeac6,D:\Sandbox\AIOS_habbit\local_runs\workspace_chat_rag_v2_canary\materialized_sources\wsc-419a613474ecac902ecfeac6.txt,dcab399f94aba62553c33cf05cb2bb0dbc14d8610412dcf4160128be4ed6d5b0,21,nhieu-manh
wsc-4303a258b0737bc6ac044fb3,D:\Sandbox\AIOS_habbit\local_runs\workspace_chat_rag_v2_canary\materialized_sources\wsc-4303a258b0737bc6ac044fb3.txt,75ee41b904f913139853c9c444c61e696f11a2de94cba0b3de08a7fe50d0439d,26,nhieu-manh
wsc-4328f237e9ac71f762c4d3d0,D:\Sandbox\AIOS_habbit\local_runs\workspace_chat_rag_v2_canary\materialized_sources\wsc-4328f237e9ac71f762c4d3d0.txt,9fc5b2145d60b0b7f94af6a75828ff24bb945a2b910752dc059f5cf1d1f9ef3d,10,nhieu-manh
wsc-432a22c2094aae27455e1ee7,D:\Sandbox\AIOS_habbit\local_runs\workspace_chat_rag_v2_canary\materialized_sources\wsc-432a22c2094aae27455e1ee7.txt,a26860fdaeb80aa558d333a68371964cb3561a05b5414ed18c839c0f96852c5e,1429,nhieu-manh
wsc-43617ac15a7145d46660243d,D:\Sandbox\AIOS_habbit\local_runs\workspace_chat_rag_v2_canary\materialized_sources\wsc-43617ac15a7145d46660243d.txt,b1b6708a1e50b13105c396b88b3eeb0691ac6e84b8dc4de24b87bfe6dc530555,7,nhieu-manh
wsc-43628c11d54ddeeb6ff17d77,D:\Sandbox\AIOS_habbit\local_runs\workspace_chat_rag_v2_canary\materialized_sources\wsc-43628c11d54ddeeb6ff17d77.txt,dc43c84dbc5f5663384e35c9d91cb41e5cd42755d365bc405b526fb9b9b61d1f,8,nhieu-manh
wsc-45178b002055ced8c13ecd1d,D:\Sandbox\AIOS_habbit\local_runs\workspace_chat_rag_v2_canary\materialized_sources\wsc-45178b002055ced8c13ecd1d.txt,843383bac557a1e57e1b56f8173460b3f781a70acb56b131ef2665787b85cb95,7,nhieu-manh
wsc-45e85a205ae541862dacb7b6,D:\Sandbox\AIOS_habbit\local_runs\workspace_chat_rag_v2_canary\materialized_sources\wsc-45e85a205ae541862dacb7b6.txt,f0f1f3b97d8ee2622f775fd7d403f9b1340d71359e582356979598d5f321d5cf,8,nhieu-manh
wsc-4600afa0ca80041712e8c65f,D:\Sandbox\AIOS_habbit\local_runs\workspace_chat_rag_v2_canary\materialized_sources\wsc-4600afa0ca80041712e8c65f.txt,1d6a06690fd87180c59240d06cace7f2e3a181fe6383f9878742d6537ef6f678,4,nhieu-manh
wsc-468aede06b922b9f1a06bbbb,D:\Sandbox\AIOS_habbit\local_runs\workspace_chat_rag_v2_canary\materialized_sources\wsc-468aede06b922b9f1a06bbbb.txt,e2809207f4c372e6ff81c2ae4a4faa8ada852d2958e177e69b7309302a46d868,8,nhieu-manh
wsc-468d8552f20bef64ca827c16,D:\Sandbox\AIOS_habbit\local_runs\workspace_chat_rag_v2_canary\materialized_sources\wsc-468d8552f20bef64ca827c16.txt,f5c03f551a38cad8dae5155fc9490195aa1b46c0dc3d86f0d88f6537fc8b78c5,42,nhieu-manh
wsc-4735306c379b381ed7eceb15,D:\Sandbox\AIOS_habbit\local_runs\workspace_chat_rag_v2_canary\materialized_sources\wsc-4735306c379b381ed7eceb15.txt,156f6a4f81b5c5a086f58eb6e5915c64f1a25a6037004c7f29d89ae2dc286b15,981,nhieu-manh
wsc-480e4c1a6c92337ab598f53c,D:\Sandbox\AIOS_habbit\local_runs\workspace_chat_rag_v2_canary\materialized_sources\wsc-480e4c1a6c92337ab598f53c.txt,a82550a6e9f1178ce96b01c381f9a71524db8b59f009dcebb2c498ecdc81b004,6,nhieu-manh
wsc-483303cb09e9e8c6902f623b,D:\Sandbox\AIOS_habbit\local_runs\workspace_chat_rag_v2_canary\materialized_sources\wsc-483303cb09e9e8c6902f623b.txt,b823337913a1b96d41d0f8836bf4ce50205eb0cd0d1e1c099cb5a210b1b8cae3,10,nhieu-manh
wsc-48c40c0b3b6b5a4f1681f66d,D:\Sandbox\AIOS_habbit\local_runs\workspace_chat_rag_v2_canary\materialized_sources\wsc-48c40c0b3b6b5a4f1681f66d.txt,48c40c0b3b6b5a4f1681f66dc489848e7a0e0aa68234dcdba2df5c293f69ff5f,4,nhieu-manh
wsc-48e83ee0d86c0910b11a01db,D:\Sandbox\AIOS_habbit\local_runs\workspace_chat_rag_v2_canary\materialized_sources\wsc-48e83ee0d86c0910b11a01db.txt,37def313b0332ce9dfe78bb7b0102e62b7c105e25683c574b81ea519cc756f0f,7,nhieu-manh
wsc-4938538dbb7dd4f340ddac85,D:\Sandbox\AIOS_habbit\local_runs\workspace_chat_rag_v2_canary\materialized_sources\wsc-4938538dbb7dd4f340ddac85.txt,eb8aafd89350fa44a3267ec389d8910b4cbab2c7615372336edd69eeb4a381e2,17,nhieu-manh
wsc-4957729b8f65624b43bae2b2,D:\Sandbox\AIOS_habbit\local_runs\workspace_chat_rag_v2_canary\materialized_sources\wsc-4957729b8f65624b43bae2b2.txt,3fc5b07cacb17aa1bfb4d5305df157cb46fac89f5e403de49f1d71884d4ade8e,2,nhieu-manh
wsc-49753efc0247446f4754564c,D:\Sandbox\AIOS_habbit\local_runs\workspace_chat_rag_v2_canary\materialized_sources\wsc-49753efc0247446f4754564c.txt,a727ebe56deeb5e31e5f67532f6308ea4631d853dba23b227b8150b9f79b7427,7,nhieu-manh
wsc-497b85eb59ff95be7162016f,D:\Sandbox\AIOS_habbit\local_runs\workspace_chat_rag_v2_canary\materialized_sources\wsc-497b85eb59ff95be7162016f.txt,5d11d83b4f9c3b3c969d61cdab79b58676346b25e4da61e85dffe7237dd708a0,13,nhieu-manh
wsc-499ff5f1075e6fdada286813,D:\Sandbox\AIOS_habbit\local_runs\workspace_chat_rag_v2_canary\materialized_sources\wsc-499ff5f1075e6fdada286813.txt,854fbb2236415cb93eeb4ef336c47fb833c99bda64da842a7b1075835daa51bf,30,nhieu-manh
wsc-4a661df9d0318f5164a9d649,D:\Sandbox\AIOS_habbit\local_runs\workspace_chat_rag_v2_canary\materialized_sources\wsc-4a661df9d0318f5164a9d649.txt,768a123bc9a3412b8c87f8ad69a568b7cb45259e105903c0086ce5bea2cd6cd0,6,nhieu-manh
wsc-4a884ed893315f6536f3e437,D:\Sandbox\AIOS_habbit\local_runs\workspace_chat_rag_v2_canary\materialized_sources\wsc-4a884ed893315f6536f3e437.txt,fe87a77dd023620077a47b57a4c62b236344e1ac700d58fa265732910155f8f0,15,nhieu-manh
wsc-4ab9350286ad8e78809e7dc3,D:\Sandbox\AIOS_habbit\local_runs\workspace_chat_rag_v2_canary\materialized_sources\wsc-4ab9350286ad8e78809e7dc3.txt,1a8d284c98fd16172d52e0135c7978953aad45c0bd622c3a531b971fc858d8ab,13,nhieu-manh
wsc-4abade7d2456adf01bb1fd26,D:\Sandbox\AIOS_habbit\local_runs\workspace_chat_rag_v2_canary\materialized_sources\wsc-4abade7d2456adf01bb1fd26.txt,4c10fbb592ed31b1919c5d7c45911fec69d2f89c7edabbaf5c77fca986138224,25,nhieu-manh
wsc-4bb9a926160fc7b2687cb7ac,D:\Sandbox\AIOS_habbit\local_runs\workspace_chat_rag_v2_canary\materialized_sources\wsc-4bb9a926160fc7b2687cb7ac.txt,c98c88734d26d1d6bd853a411d3d15b3888d469a9ad6177253a8fb3c93e1a4dc,160,nhieu-manh
wsc-4c2f33de97e314843c99e69b,D:\Sandbox\AIOS_habbit\local_runs\workspace_chat_rag_v2_canary\materialized_sources\wsc-4c2f33de97e314843c99e69b.txt,41d8eb8e8e50ef9e7bcff45fb0da4e5a2caf50e4572b3bb11ad99b04cd76f68a,12,nhieu-manh
wsc-4cc1bf837aa6c9844d67eb4c,D:\Sandbox\AIOS_habbit\local_runs\workspace_chat_rag_v2_canary\materialized_sources\wsc-4cc1bf837aa6c9844d67eb4c.txt,08d8d7616f71e6b9ae67940f3ee23f26877351f39247a54a1675c7120a1a3bbc,37,nhieu-manh
wsc-4cd2dbfe87844143e97d8576,D:\Sandbox\AIOS_habbit\local_runs\workspace_chat_rag_v2_canary\materialized_sources\wsc-4cd2dbfe87844143e97d8576.txt,9eae8e0d985036bc903eee591cca998d38c3ef851f5a34c21b37b1eeddde9f3f,6,nhieu-manh
wsc-4db8ddc1e8392dcf3f73a468,D:\Sandbox\AIOS_habbit\local_runs\workspace_chat_rag_v2_canary\materialized_sources\wsc-4db8ddc1e8392dcf3f73a468.txt,ab545400b6d9fd79f4d00b9c09d4b4f685637ed298825a69f41e6ef8ca5cf0c4,7,nhieu-manh
wsc-4f26d0e7608e6c64c120ee67,D:\Sandbox\AIOS_habbit\local_runs\workspace_chat_rag_v2_canary\materialized_sources\wsc-4f26d0e7608e6c64c120ee67.txt,3a4f567c7fdacee570cb4e0bf885aa5ae2db6f6ae3278e1514b37b9067b21a0d,2131,nhieu-manh
wsc-4f2b74e844ce3bdd51ab1f63,D:\Sandbox\AIOS_habbit\local_runs\workspace_chat_rag_v2_canary\materialized_sources\wsc-4f2b74e844ce3bdd51ab1f63.txt,a08dfe01597253640a05b044a6236a1b37cb5f2a8f3e66eeb170248b7abe9bf0,7,nhieu-manh
wsc-4fa5190e1a384777e8706a38,D:\Sandbox\AIOS_habbit\local_runs\workspace_chat_rag_v2_canary\materialized_sources\wsc-4fa5190e1a384777e8706a38.txt,a48755af69492c2c45f77151b574398d0083626589ef7e68ea2a1ed155082ec5,55,nhieu-manh
wsc-4fc7eb76bdc2e05c08b3f0f6,D:\Sandbox\AIOS_habbit\local_runs\workspace_chat_rag_v2_canary\materialized_sources\wsc-4fc7eb76bdc2e05c08b3f0f6.txt,ee97eaf507dc8c11b8a3fee78ecb944d50019ad7f8c1c8e09cba622e3c461624,39870,nhieu-manh
wsc-50202c79fa402992e38737b3,D:\Sandbox\AIOS_habbit\local_runs\workspace_chat_rag_v2_canary\materialized_sources\wsc-50202c79fa402992e38737b3.txt,8229872a3c279c4f8df4bdec6e542adce0018b4ccd825d3014ff28468fda97aa,7,nhieu-manh
wsc-5035a3d752d88cc0e20eb4c3,D:\Sandbox\AIOS_habbit\local_runs\workspace_chat_rag_v2_canary\materialized_sources\wsc-5035a3d752d88cc0e20eb4c3.txt,2d528c22ed8a8466fba9c9bd226629a64b5467b5caf32fb15bb8355a0b81ccce,109,nhieu-manh
wsc-509d925a147d8feae7bb72e6,D:\Sandbox\AIOS_habbit\local_runs\workspace_chat_rag_v2_canary\materialized_sources\wsc-509d925a147d8feae7bb72e6.txt,e62bd4a5383a2969e456cf2f4a0da0900ce7772b6ad273abb0147bb481a113df,7,nhieu-manh
wsc-50e045acef39dbcd38aff8fb,D:\Sandbox\AIOS_habbit\local_runs\workspace_chat_rag_v2_canary\materialized_sources\wsc-50e045acef39dbcd38aff8fb.txt,50e045acef39dbcd38aff8fb2b9c1de05cede28ac5709d1f594b9ec550697ee1,19,nhieu-manh
wsc-513068676f45d2e034f94508,D:\Sandbox\AIOS_habbit\local_runs\workspace_chat_rag_v2_canary\materialized_sources\wsc-513068676f45d2e034f94508.txt,513068676f45d2e034f9450826bb83189779e22ebcbea68abc96716f8df4d54e,2,nhieu-manh
wsc-51548ca220d6ccc9ec419c8c,C:\AIOS_workspace_chat_rag_v2_production\materialized_sources\wsc-51548ca220d6ccc9ec419c8c.txt,51548ca220d6ccc9ec419c8cd2a96a9ff9848240ba6f86f1bf1eb965a3f50c0b,58,nhieu-manh
wsc-5214515c9419a919f5fd9b01,D:\Sandbox\AIOS_habbit\local_runs\workspace_chat_rag_v2_canary\materialized_sources\wsc-5214515c9419a919f5fd9b01.txt,eb9dadb2a0f64349c25283ee8daabb8393e293752bc5ae46439adfd78159aafc,12,nhieu-manh
wsc-527ade7fb230338f3df478d9,D:\Sandbox\AIOS_habbit\local_runs\workspace_chat_rag_v2_canary\materialized_sources\wsc-527ade7fb230338f3df478d9.txt,f5cfde9d71618f9d0c95e76171953fb82f2f857f588557e82b373ca7778f8fd3,13,nhieu-manh
wsc-527f8bd013650df67796b8bc,D:\Sandbox\AIOS_habbit\local_runs\workspace_chat_rag_v2_canary\materialized_sources\wsc-527f8bd013650df67796b8bc.txt,8f08b1ee597b31b40928691e5ee088895b53bc6ec5e2e41db4a9bb7b7f699db5,13,nhieu-manh
wsc-5284e5eb6541997ae1861dd4,D:\Sandbox\AIOS_habbit\local_runs\workspace_chat_rag_v2_canary\materialized_sources\wsc-5284e5eb6541997ae1861dd4.txt,70712af2b0a2fac6de1efeb34435bca75af04799450ec1923bdb2c524b9fb937,17,nhieu-manh
wsc-52bcbeb1d86b336f017ba6fa,D:\Sandbox\AIOS_habbit\local_runs\workspace_chat_rag_v2_canary\materialized_sources\wsc-52bcbeb1d86b336f017ba6fa.txt,848af19ab642dafdf9fe4f71455cf5f61d275207eae42fed6d976f2fa2b9042c,9,nhieu-manh
wsc-52c0bf23393702089f5df5ac,D:\Sandbox\AIOS_habbit\local_runs\workspace_chat_rag_v2_canary\materialized_sources\wsc-52c0bf23393702089f5df5ac.txt,2463ca2a7ed12118282f3d842e919873990971ad8ce9c5ad8fe1d200669e8f33,23,nhieu-manh
wsc-52d6c2ec0a4bc8e13d2d7e7b,D:\Sandbox\AIOS_habbit\local_runs\workspace_chat_rag_v2_canary\materialized_sources\wsc-52d6c2ec0a4bc8e13d2d7e7b.txt,9a6c5f02e1192a7288818cc4075e12812c6afda49a7851878452f981f1b7462c,7,nhieu-manh
wsc-52e09d24d9e5de4f67176375,D:\Sandbox\AIOS_habbit\local_runs\workspace_chat_rag_v2_canary\materialized_sources\wsc-52e09d24d9e5de4f67176375.txt,94067d6c65b00dcdbdebc4ee475a75d9d3b7c1053172f6f69f76a0afbada6778,11,nhieu-manh
wsc-535057c2df827da43e593bb0,D:\Sandbox\AIOS_habbit\local_runs\workspace_chat_rag_v2_canary\materialized_sources\wsc-535057c2df827da43e593bb0.txt,b4d76bf986370dd11719ebce3cef446dc03a5d29cd1e20eefdec798dd0f1510c,120,nhieu-manh
wsc-54179f47d8d2421b827912e2,D:\Sandbox\AIOS_habbit\local_runs\workspace_chat_rag_v2_canary\materialized_sources\wsc-54179f47d8d2421b827912e2.txt,54179f47d8d2421b827912e22eda4430b5782459eada3e124a5304391cea8eff,65,nhieu-manh
wsc-5527b89949fcbd89449224c8,D:\Sandbox\AIOS_habbit\local_runs\workspace_chat_rag_v2_canary\materialized_sources\wsc-5527b89949fcbd89449224c8.txt,5c3693380e1620187e95c80d6e96998af99835dda3bc10318e64fab99a7f7731,8,nhieu-manh
wsc-5582ee77957a9aab925f3312,D:\Sandbox\AIOS_habbit\local_runs\workspace_chat_rag_v2_canary\materialized_sources\wsc-5582ee77957a9aab925f3312.txt,7e60f4cdb3a0b5c5c1b0f872e97c5b511387464b5d6a2f80e2b4b0700ce8a830,11,nhieu-manh
wsc-565fad6cef70e70bccf4a360,D:\Sandbox\AIOS_habbit\local_runs\workspace_chat_rag_v2_canary\materialized_sources\wsc-565fad6cef70e70bccf4a360.txt,e3e53ab1906525630d5e21eeb41179b57c3cc021bcf801a1609c3d4c4cbbe6ab,9,nhieu-manh
wsc-5687e116c9f381661d10bd77,D:\Sandbox\AIOS_habbit\local_runs\workspace_chat_rag_v2_canary\materialized_sources\wsc-5687e116c9f381661d10bd77.txt,296b96b9617471d228767844bfe83727c139c2e154864715e0ea7b566ef61c89,482,nhieu-manh
wsc-5719cc700a115abeb9933116,D:\Sandbox\AIOS_habbit\local_runs\workspace_chat_rag_v2_canary\materialized_sources\wsc-5719cc700a115abeb9933116.txt,1014fbbf3728e08718915f69c0da35fede564fd94ca33a557cb8eb1da2846634,45,nhieu-manh
wsc-573a0a68739534ed9860dcec,C:\AIOS_workspace_chat_rag_v2_production\materialized_sources\wsc-573a0a68739534ed9860dcec.txt,573a0a68739534ed9860dcecf8927a76a5b87f17b61b64d366df192294e2107b,13,nhieu-manh
wsc-575eb6de7d1db9ef0ac8afc8,D:\Sandbox\AIOS_habbit\local_runs\workspace_chat_rag_v2_canary\materialized_sources\wsc-575eb6de7d1db9ef0ac8afc8.txt,575eb6de7d1db9ef0ac8afc8e134e1cbbfb66b59ae60374e9dcf742af740a8da,1,1-manh-lech
wsc-5782d41b7dde1cbdb668c31c,D:\Sandbox\AIOS_habbit\local_runs\workspace_chat_rag_v2_canary\materialized_sources\wsc-5782d41b7dde1cbdb668c31c.txt,453b82eac5291222600430e1c61559401b149325e7e3a80211d9f2351388ebaf,27,nhieu-manh
wsc-579b74f1c047f8145d879382,D:\Sandbox\AIOS_habbit\local_runs\workspace_chat_rag_v2_canary\materialized_sources\wsc-579b74f1c047f8145d879382.txt,b6c51f0702d2ea3fdbf64c563cddf4c23d968e20073100647bde97c90e4ea977,12,nhieu-manh
wsc-57a940899f40e39ec67b9661,D:\Sandbox\AIOS_habbit\local_runs\workspace_chat_rag_v2_canary\materialized_sources\wsc-57a940899f40e39ec67b9661.txt,6631a485cfb9491a0967dadf68caa6f14b9c17d9299504619c57f458f347409a,13,nhieu-manh
wsc-58a2abb444cee489b6786de3,D:\Sandbox\AIOS_habbit\local_runs\workspace_chat_rag_v2_canary\materialized_sources\wsc-58a2abb444cee489b6786de3.txt,babd4afade333e34e9d6bd0c4c66acf8066b4957b64002a7524cfc85a08aaed7,35,nhieu-manh
wsc-591aa0bdb18b4341676e518a,D:\Sandbox\AIOS_habbit\local_runs\workspace_chat_rag_v2_canary\materialized_sources\wsc-591aa0bdb18b4341676e518a.txt,361327ad7fa0e403dcfb7e48606a93520c78d8bd8e5f8c2527389a152714b3b2,16,nhieu-manh
wsc-5953d3fff1a73f1068d08192,D:\Sandbox\AIOS_habbit\local_runs\workspace_chat_rag_v2_canary\materialized_sources\wsc-5953d3fff1a73f1068d08192.txt,68747a55b65f8dee1990466709a93607ff9eaa9657afca0de225ddcb7e02dc7c,13,nhieu-manh
wsc-597d95c4a4f36f4bbef26750,D:\Sandbox\AIOS_habbit\local_runs\workspace_chat_rag_v2_canary\materialized_sources\wsc-597d95c4a4f36f4bbef26750.txt,20e55dd368e51fb63963622db97e1bbf0996433ad788eab3363209922019585c,4,nhieu-manh
wsc-59bc5f7a5f5fcb3abed9b3f6,D:\Sandbox\AIOS_habbit\local_runs\workspace_chat_rag_v2_canary\materialized_sources\wsc-59bc5f7a5f5fcb3abed9b3f6.txt,895f3c0a458c661735fe4ef93de10c8270e59d41e008a5720d5c9975e7ca1f57,7,nhieu-manh
wsc-5a63dbce80246536b744fd12,D:\Sandbox\AIOS_habbit\local_runs\workspace_chat_rag_v2_canary\materialized_sources\wsc-5a63dbce80246536b744fd12.txt,20b675373d7a77be129fa20e7d3be89e42ae585b17d9f4c205d60fae1c145273,7,nhieu-manh
wsc-5a8baa48d12a202a38015382,D:\Sandbox\AIOS_habbit\local_runs\workspace_chat_rag_v2_canary\materialized_sources\wsc-5a8baa48d12a202a38015382.txt,73c5f0e8fa47e4dd0652523c6a6a67a53ca8549346606a99c5c9049f0ddff93e,7,nhieu-manh
wsc-5b219b5781adfc730535871f,D:\Sandbox\AIOS_habbit\local_runs\workspace_chat_rag_v2_canary\materialized_sources\wsc-5b219b5781adfc730535871f.txt,2ca7a827fb9272fe278972f16502b4c2dffec61728d71f5fb3eb4b03cfe951ea,7,nhieu-manh
wsc-5bb2e1327274e578dd2c71f4,D:\Sandbox\AIOS_habbit\local_runs\workspace_chat_rag_v2_canary\materialized_sources\wsc-5bb2e1327274e578dd2c71f4.txt,7ada3eea69d927e38a28f712c7626936361510a63411ddc1fdfc96c05b54e0ba,69,nhieu-manh
wsc-5be433bfc8d38401800a093c,D:\Sandbox\AIOS_habbit\local_runs\workspace_chat_rag_v2_canary\materialized_sources\wsc-5be433bfc8d38401800a093c.txt,15d4fbedf53631caae864107a1af48f8b36a8286b970a118069a94e297372c44,35,nhieu-manh
wsc-5c325bc2f80435062df95d50,D:\Sandbox\AIOS_habbit\local_runs\workspace_chat_rag_v2_canary\materialized_sources\wsc-5c325bc2f80435062df95d50.txt,ecc890c8fc2e294877736d289ff05f117057af88ac83e2c6b4741df65b04864c,86,nhieu-manh
wsc-5c456e05b4216ec1bb640530,D:\Sandbox\AIOS_habbit\local_runs\workspace_chat_rag_v2_canary\materialized_sources\wsc-5c456e05b4216ec1bb640530.txt,cf4d4a7b2afd6b0556e816bcae98e6297fe3b13b4056e43e3ed6e4d805936f2e,7,nhieu-manh
wsc-5d2f610a69cf193a6d06c754,C:\AIOS_workspace_chat_rag_v2_production\materialized_sources\wsc-5d2f610a69cf193a6d06c754.txt,5d2f610a69cf193a6d06c754bcb659ca226a1065a0fa259a1480e4c8cab68003,35,nhieu-manh
wsc-5e1396801eb098b19421a59e,D:\Sandbox\AIOS_habbit\local_runs\workspace_chat_rag_v2_canary\materialized_sources\wsc-5e1396801eb098b19421a59e.txt,990e24f25dd164ad20a361a2c58afd6755165141f51f6786ea0f5cc61c1aa314,8,nhieu-manh
wsc-5e312a41b4fc335ffa44996a,D:\Sandbox\AIOS_habbit\local_runs\workspace_chat_rag_v2_canary\materialized_sources\wsc-5e312a41b4fc335ffa44996a.txt,56a7587c00ee60fac24c9c43a457cc4f232e8d181cf72c1032e1baf2eb0ac7a4,10,nhieu-manh
wsc-5ea69e17220dfbfb09ad59d1,D:\Sandbox\AIOS_habbit\local_runs\workspace_chat_rag_v2_canary\materialized_sources\wsc-5ea69e17220dfbfb09ad59d1.txt,edae6bc54342ce398ae7c72a2425189a796adff6b1ccaad6ee961a78ef13d29e,9,nhieu-manh
wsc-5f357714c9ab95fe58b8fff6,D:\Sandbox\AIOS_habbit\local_runs\workspace_chat_rag_v2_canary\materialized_sources\wsc-5f357714c9ab95fe58b8fff6.txt,1526cbd0e45f7c07240030b843b0e0e62531eb6a3fe23f112146937eb1e50b38,16,nhieu-manh
wsc-5f4753572bafb19738cc4e22,D:\Sandbox\AIOS_habbit\local_runs\workspace_chat_rag_v2_canary\materialized_sources\wsc-5f4753572bafb19738cc4e22.txt,0002181ccbedd98a69d213002b9032a23e8463410ebb0b01a7caa007e286823b,30,nhieu-manh
wsc-5ffc1cf0d0244daff95a3f88,D:\Sandbox\AIOS_habbit\local_runs\workspace_chat_rag_v2_canary\materialized_sources\wsc-5ffc1cf0d0244daff95a3f88.txt,be456068704dc133d2c33d8c19bd62b8078723089eeadcae3d8cce3862fb27e7,8,nhieu-manh
wsc-60f9c5ab578c69f2e474f5d9,D:\Sandbox\AIOS_habbit\local_runs\workspace_chat_rag_v2_canary\materialized_sources\wsc-60f9c5ab578c69f2e474f5d9.txt,fa03a4b0ad4fd23942b317c5238d4977e4ab456d0c65764113b6d2a86b4b963d,46,nhieu-manh
wsc-61c93ce16af0fbeb80b7aeed,D:\Sandbox\AIOS_habbit\local_runs\workspace_chat_rag_v2_canary\materialized_sources\wsc-61c93ce16af0fbeb80b7aeed.txt,a599282a6be32b024ad48fa9f1dd7d8767ee92e0a7c2369ff4996eb28fcc454a,9,nhieu-manh
wsc-624b7034af500a849305d8bf,D:\Sandbox\AIOS_habbit\local_runs\workspace_chat_rag_v2_canary\materialized_sources\wsc-624b7034af500a849305d8bf.txt,624b7034af500a849305d8bfd1f3164e3b3ca7a2312c648c6b2247231b07fdf0,21,nhieu-manh
wsc-6349bfab87ce7a5eb246e10f,D:\Sandbox\AIOS_habbit\local_runs\workspace_chat_rag_v2_canary\materialized_sources\wsc-6349bfab87ce7a5eb246e10f.txt,6349bfab87ce7a5eb246e10f0ff0793afbaa2e288e72f16904c1d0b3285f3410,10,nhieu-manh
wsc-6355c4f658a300f6fdd9d203,D:\Sandbox\AIOS_habbit\local_runs\workspace_chat_rag_v2_canary\materialized_sources\wsc-6355c4f658a300f6fdd9d203.txt,999e2a39086502a06baf97dbba26f5f93316f06b278367b95545480bd1ea0147,7,nhieu-manh
wsc-6376bc54c4e43de2427d1343,D:\Sandbox\AIOS_habbit\local_runs\workspace_chat_rag_v2_canary\materialized_sources\wsc-6376bc54c4e43de2427d1343.txt,60b3e35abb0a46ca0df49ffcdb5593513f48ce2ca10f4a35d52e16c3829829fe,9,nhieu-manh
wsc-638e2f76d300f8c32883b521,D:\Sandbox\AIOS_habbit\local_runs\workspace_chat_rag_v2_canary\materialized_sources\wsc-638e2f76d300f8c32883b521.txt,c3fefcfc29d821befe521174ac6f024b3bdfa43e359f3347d8e68cf56f59d272,3,nhieu-manh
wsc-63ee830e8f40274c7cbbdfc4,D:\Sandbox\AIOS_habbit\local_runs\workspace_chat_rag_v2_canary\materialized_sources\wsc-63ee830e8f40274c7cbbdfc4.txt,544b4bf4d80a57a943c11fd2ecf5ba92be306abf3e62f6801f7e04777e828aad,20,nhieu-manh
wsc-65074328893666b1fbd9b4aa,D:\Sandbox\AIOS_habbit\local_runs\workspace_chat_rag_v2_canary\materialized_sources\wsc-65074328893666b1fbd9b4aa.txt,d489e437c9abecd020ee12ba5c2f6981c81cdee3862503cb0f3b4b6da545e0af,2,nhieu-manh
wsc-6545fbd02cf63f9124d579cb,D:\Sandbox\AIOS_habbit\local_runs\workspace_chat_rag_v2_canary\materialized_sources\wsc-6545fbd02cf63f9124d579cb.txt,18cc08fca084011c0eb52d4a3ac0df2b0f1f3dcb3e50cfb22d45b33e16b0cec3,24,nhieu-manh
wsc-654ff83db5c2c37a1289ec7b,D:\Sandbox\AIOS_habbit\local_runs\workspace_chat_rag_v2_canary\materialized_sources\wsc-654ff83db5c2c37a1289ec7b.txt,f54546c59e42962d9c46a03b722b67a7158ba18ce70657d2e28c0a83d5c40446,8,nhieu-manh
wsc-659942f48e2057945b2fddd7,D:\Sandbox\AIOS_habbit\local_runs\workspace_chat_rag_v2_canary\materialized_sources\wsc-659942f48e2057945b2fddd7.txt,f818a9d79c226e9684c025df2d6d4672ed5980335a5c7b98f0681cf8530ea6d8,8,nhieu-manh
wsc-662a97440783e685358d6e0f,D:\Sandbox\AIOS_habbit\local_runs\workspace_chat_rag_v2_canary\materialized_sources\wsc-662a97440783e685358d6e0f.txt,6cd4dad841546d0e1c9d9824f8516db036c1e6fc26a6fa6c341c0fc6c248bc36,16,nhieu-manh
wsc-66ef87460eac6eb23a9e4171,D:\Sandbox\AIOS_habbit\local_runs\workspace_chat_rag_v2_canary\materialized_sources\wsc-66ef87460eac6eb23a9e4171.txt,e5ef9190d2c6268ecb2120a0d7091ff24e6ac21ea8b21847692f305c3fb01548,7,nhieu-manh
wsc-671647b1c8d9a58a095d1a5c,D:\Sandbox\AIOS_habbit\local_runs\workspace_chat_rag_v2_canary\materialized_sources\wsc-671647b1c8d9a58a095d1a5c.txt,6dd51b6626a82ef6bee071d0370509aa31299235287bf6dbcefd2d1160cb9995,96,nhieu-manh
wsc-67bb63e1fa2e59f1fbc7320d,D:\Sandbox\AIOS_habbit\local_runs\workspace_chat_rag_v2_canary\materialized_sources\wsc-67bb63e1fa2e59f1fbc7320d.txt,ae341836bea888c6fe7e6e3f790a538ee589b1f4920bd9851ed88643714d34ce,25,nhieu-manh
wsc-6941cdac7ea87d001251b851,D:\Sandbox\AIOS_habbit\local_runs\workspace_chat_rag_v2_canary\materialized_sources\wsc-6941cdac7ea87d001251b851.txt,0bdfca79a66b8d20620ff35b320f66bcadbe761c0c1f0a0992a318040aaa65a2,14,nhieu-manh
wsc-6a25f0b37dc4c45c4ad1874f,D:\Sandbox\AIOS_habbit\local_runs\workspace_chat_rag_v2_canary\materialized_sources\wsc-6a25f0b37dc4c45c4ad1874f.txt,10c58bd8934bf5e0b9555db731faf49793d6e08be6dc2e9bce84aef89667a86c,215,nhieu-manh
wsc-6a8ed23de180f61b287727bb,D:\Sandbox\AIOS_habbit\local_runs\workspace_chat_rag_v2_canary\materialized_sources\wsc-6a8ed23de180f61b287727bb.txt,35963a2c65841e618b283f6012cbb740fe7727f126dee4d6abd72faaad365df9,7,nhieu-manh
wsc-6aa9d3fc0950434765835f35,D:\Sandbox\AIOS_habbit\local_runs\workspace_chat_rag_v2_canary\materialized_sources\wsc-6aa9d3fc0950434765835f35.txt,1acb017a17310f8321a0af7aa592d4fa8c057ccc91186ddaaf78d2c0f61384b5,24,nhieu-manh
wsc-6b05700fdc3ea4552f958063,D:\Sandbox\AIOS_habbit\local_runs\workspace_chat_rag_v2_canary\materialized_sources\wsc-6b05700fdc3ea4552f958063.txt,9cbd98bf2b25ab4ca83059ae0b7dffa92a622a0a4584c97a4189fe8913950373,77,nhieu-manh
wsc-6b2aa94ef8e53292a9ec0c1d,D:\Sandbox\AIOS_habbit\local_runs\workspace_chat_rag_v2_canary\materialized_sources\wsc-6b2aa94ef8e53292a9ec0c1d.txt,2cf958f286c8451e425216a5ce3e4f896005e761a43611bceb9b7af25d424d64,24,nhieu-manh
wsc-6ce168797974d612eba1d141,D:\Sandbox\AIOS_habbit\local_runs\workspace_chat_rag_v2_canary\materialized_sources\wsc-6ce168797974d612eba1d141.txt,a6de681cb984fbcf1b88714bf074436dc2c22a45e597d1f091f616cafa280019,10,nhieu-manh
wsc-6ce244ece3add1cfe2daab28,D:\Sandbox\AIOS_habbit\local_runs\workspace_chat_rag_v2_canary\materialized_sources\wsc-6ce244ece3add1cfe2daab28.txt,a19d26174d5be78121bff33f75a8d67f1a2f3ecbc7741441a24e13fa34c3444e,7,nhieu-manh
wsc-6cf9ca1a19e5eeffa16e18af,D:\Sandbox\AIOS_habbit\local_runs\workspace_chat_rag_v2_canary\materialized_sources\wsc-6cf9ca1a19e5eeffa16e18af.txt,442ebbc79a632f84fc65cb5fcca66bfe3d2297990d133a400441921b0eb079ab,5,nhieu-manh
wsc-6d14cd1be7bda0d92499e2ae,D:\Sandbox\AIOS_habbit\local_runs\workspace_chat_rag_v2_canary\materialized_sources\wsc-6d14cd1be7bda0d92499e2ae.txt,34dc5f3fbee5a9f5fa8272d9ab4911a343a5bc1f83debe0497db54cada623df7,1,1-manh-lech
wsc-6d56f89f94f2e1ea664ebbb0,D:\Sandbox\AIOS_habbit\local_runs\workspace_chat_rag_v2_canary\materialized_sources\wsc-6d56f89f94f2e1ea664ebbb0.txt,83a27b8fd2c32b599138d3fe3418c048fffa8227e922bc7bb5fcd79802e6fd18,173,nhieu-manh
wsc-6d58d6c9477720fb1229436c,D:\Sandbox\AIOS_habbit\local_runs\workspace_chat_rag_v2_canary\materialized_sources\wsc-6d58d6c9477720fb1229436c.txt,684e00b852914521df71015e5b7fb086a53b4be8a763de2e762a13218ade9ea9,26,nhieu-manh
wsc-6d6398a3ab79894c5425393f,D:\Sandbox\AIOS_habbit\local_runs\workspace_chat_rag_v2_canary\materialized_sources\wsc-6d6398a3ab79894c5425393f.txt,983402c91fd96a90cd104b331759796ecf5dc3db2259e81173670d19eec9f040,3,nhieu-manh
wsc-6dfabb03ef6bb4e15b9ebf5a,D:\Sandbox\AIOS_habbit\local_runs\workspace_chat_rag_v2_canary\materialized_sources\wsc-6dfabb03ef6bb4e15b9ebf5a.txt,a7d0369756f58841af3e4eecfa5dcf3424ac25ad76e9d93d988e74dcf6853716,9,nhieu-manh
wsc-6e51a0f2bb7b2d5e85afcf62,D:\Sandbox\AIOS_habbit\local_runs\workspace_chat_rag_v2_canary\materialized_sources\wsc-6e51a0f2bb7b2d5e85afcf62.txt,bf848c0dcd188f672d5e759ef6f061df584a77be81917c924a1a2547af1acaa1,14,nhieu-manh
wsc-6e53ae5b1275456edd63beb6,D:\Sandbox\AIOS_habbit\local_runs\workspace_chat_rag_v2_canary\materialized_sources\wsc-6e53ae5b1275456edd63beb6.txt,ce89884f32e0c8adab502cb9dc88829500a2f32c62433797aeea03402cddeb31,19,nhieu-manh
wsc-6ee7bee35dc72905076f42d2,D:\Sandbox\AIOS_habbit\local_runs\workspace_chat_rag_v2_canary\materialized_sources\wsc-6ee7bee35dc72905076f42d2.txt,8eb6bd03f6cae9ca30348950ea017d3584a94ac17bb5725dd5055825fe9dd908,8,nhieu-manh
wsc-6f049a1fdfc090dc7d439224,D:\Sandbox\AIOS_habbit\local_runs\workspace_chat_rag_v2_canary\materialized_sources\wsc-6f049a1fdfc090dc7d439224.txt,991fbffcf8e0a07846e2e957b66ca1cfc5f397505a57e932553250ac9a86c41f,22,nhieu-manh
wsc-6f2381659edca571f63aaa13,D:\Sandbox\AIOS_habbit\local_runs\workspace_chat_rag_v2_canary\materialized_sources\wsc-6f2381659edca571f63aaa13.txt,e5989f63895a03713b0820998a59cecbda98f7dfa3f4e0df43ffe6ee684ef4c7,8,nhieu-manh
wsc-7030e0419bdb4c0b0d4370b8,D:\Sandbox\AIOS_habbit\local_runs\workspace_chat_rag_v2_canary\materialized_sources\wsc-7030e0419bdb4c0b0d4370b8.txt,ec4c675b139b2e8cd64407679448c8cb0d1313ff61403ba28c2a25c51a685f87,13,nhieu-manh
wsc-703148c1b14c3d271f69773f,D:\Sandbox\AIOS_habbit\local_runs\workspace_chat_rag_v2_canary\materialized_sources\wsc-703148c1b14c3d271f69773f.txt,b7e7a73c8bde58b9d1f06816ed75358a1ccc4915a10dd7fb2720cc32fc6a0a56,22,nhieu-manh
wsc-70c916ba961ab584ec28ba23,D:\Sandbox\AIOS_habbit\local_runs\workspace_chat_rag_v2_canary\materialized_sources\wsc-70c916ba961ab584ec28ba23.txt,ac883fa5e8e949b6218eba60ffb601ea3c676b204be50391e264539e7fe18b7e,20,nhieu-manh
wsc-70e43b4fd7941d590c853961,D:\Sandbox\AIOS_habbit\local_runs\workspace_chat_rag_v2_canary\materialized_sources\wsc-70e43b4fd7941d590c853961.txt,f01247da5848221fbb1dbd6a03fc988fd9a23c34146f5b051428de90aebc34e8,9,nhieu-manh
wsc-72286b0d4ce7fb98fb5a3709,D:\Sandbox\AIOS_habbit\local_runs\workspace_chat_rag_v2_canary\materialized_sources\wsc-72286b0d4ce7fb98fb5a3709.txt,173bf9e718a2a3c8eaa344053551f909ee78dfacb443bc84821899b8acba2f3f,1,1-manh-lech
wsc-72b177b9dab655fc0371095f,C:\AIOS_workspace_chat_rag_v2_production\materialized_sources\wsc-72b177b9dab655fc0371095f.txt,72b177b9dab655fc0371095fd798d78a99341844243faaa22bb4e936afa25b03,49,nhieu-manh
wsc-73a54cee764eda5d635dadbd,C:\AIOS_workspace_chat_rag_v2_production\materialized_sources\wsc-73a54cee764eda5d635dadbd.txt,73a54cee764eda5d635dadbdea2caeb7670eb2171262e90076df83144454e964,7,nhieu-manh
wsc-73aa999fa4cdbafd7e6fdce8,D:\Sandbox\AIOS_habbit\local_runs\workspace_chat_rag_v2_canary\materialized_sources\wsc-73aa999fa4cdbafd7e6fdce8.txt,e84bb328ced276d4ec291a7b62c9a76f3555472149b8e03e18c9b5786897f3c0,67,nhieu-manh
wsc-750990be3801b81970805644,D:\Sandbox\AIOS_habbit\local_runs\workspace_chat_rag_v2_canary\materialized_sources\wsc-750990be3801b81970805644.txt,750990be3801b81970805644b869f4c84e59f000a8666bd4244051529348d307,4,nhieu-manh
wsc-756ec8bfa45adbec0fffba9f,D:\Sandbox\AIOS_habbit\local_runs\workspace_chat_rag_v2_canary\materialized_sources\wsc-756ec8bfa45adbec0fffba9f.txt,519a460158f5ea5b3051f9f5c21e23a93517ff37794b19fcf0597858d7328144,11,nhieu-manh
wsc-758dbc494c6c79e1c24399bb,D:\Sandbox\AIOS_habbit\local_runs\workspace_chat_rag_v2_canary\materialized_sources\wsc-758dbc494c6c79e1c24399bb.txt,800ccda79efbba5aaced1e078455bc5a7717bf45d021af3028b12dd8cde5a49d,13,nhieu-manh
wsc-75ac58a60b2852018a5224ff,D:\Sandbox\AIOS_habbit\local_runs\workspace_chat_rag_v2_canary\materialized_sources\wsc-75ac58a60b2852018a5224ff.txt,037f5695efe72cd49c2289a63ba03b15cd5fce747bfc97d7d36c70f8553e06d5,9,nhieu-manh
wsc-75d716e930e8ddf3fc591e5a,D:\Sandbox\AIOS_habbit\local_runs\workspace_chat_rag_v2_canary\materialized_sources\wsc-75d716e930e8ddf3fc591e5a.txt,c8ca4a65a8415e08788f1f75ea5ff900a25a57e91b173abd7846bb56de6d7692,47,nhieu-manh
wsc-762c79444401c88ae94adb61,D:\Sandbox\AIOS_habbit\local_runs\workspace_chat_rag_v2_canary\materialized_sources\wsc-762c79444401c88ae94adb61.txt,762c79444401c88ae94adb61badc5404a5977dec7c26830c5285da4e8a6d6215,12,nhieu-manh
wsc-762cd98f79d4ad1a0c235393,D:\Sandbox\AIOS_habbit\local_runs\workspace_chat_rag_v2_canary\materialized_sources\wsc-762cd98f79d4ad1a0c235393.txt,762cd98f79d4ad1a0c23539392662c24884903b346211f518894e52872ce3708,21,nhieu-manh
wsc-76beb46f6973ff5135836034,D:\Sandbox\AIOS_habbit\local_runs\workspace_chat_rag_v2_canary\materialized_sources\wsc-76beb46f6973ff5135836034.txt,f84aef141f19113a1eb6932e9925a3023f6b7c4f0b143dc7f4312459a03ad0c6,7,nhieu-manh
wsc-76c8e2359e579b0448972a17,D:\Sandbox\AIOS_habbit\local_runs\workspace_chat_rag_v2_canary\materialized_sources\wsc-76c8e2359e579b0448972a17.txt,7b8ff667cfb99df4378f00f109c6900555c81b8e8bb58aea022d63a167521204,21,nhieu-manh
wsc-78de95b245dd358790a9839f,D:\Sandbox\AIOS_habbit\local_runs\workspace_chat_rag_v2_canary\materialized_sources\wsc-78de95b245dd358790a9839f.txt,1ae0c0b6b58e9e0358aa2eeff09b049a5176dbda9813615806df1dd895cc726b,9,nhieu-manh
wsc-794a6014e1db7ca12a463750,D:\Sandbox\AIOS_habbit\local_runs\workspace_chat_rag_v2_canary\materialized_sources\wsc-794a6014e1db7ca12a463750.txt,bc65e57c9f1de0fe6a881c686ced9e17037c417973b34367926d47a70b8a1bf0,8,nhieu-manh
wsc-7968ee2d1b2ebb56a5055dc6,D:\Sandbox\AIOS_habbit\local_runs\workspace_chat_rag_v2_canary\materialized_sources\wsc-7968ee2d1b2ebb56a5055dc6.txt,875f5b3c488b3d4321db97736802277d749bb2aee86616c597e9632e924dbcf8,8,nhieu-manh
wsc-7a505c0cbff07a91486d0604,D:\Sandbox\AIOS_habbit\local_runs\workspace_chat_rag_v2_canary\materialized_sources\wsc-7a505c0cbff07a91486d0604.txt,47b6b5544a0531e12dfb9b8b3f42342641044cc48ecefb4bc1b61bd28c273ad3,24,nhieu-manh
wsc-7aadc03f0430574d2dd9f4b4,D:\Sandbox\AIOS_habbit\local_runs\workspace_chat_rag_v2_canary\materialized_sources\wsc-7aadc03f0430574d2dd9f4b4.txt,c75169f3c3dcfe62141b553b36255d6c79e1acde1ff80a8b221a273c36e2f300,19,nhieu-manh
wsc-7ca7d51080822d189e6b3585,D:\Sandbox\AIOS_habbit\local_runs\workspace_chat_rag_v2_canary\materialized_sources\wsc-7ca7d51080822d189e6b3585.txt,9e59c2f86c6ad500c557c6e2fcc1281157abe08ac84c6b613b0c8dd4efd6add1,23,nhieu-manh
wsc-7dc11a30e67f3b914854c443,D:\Sandbox\AIOS_habbit\local_runs\workspace_chat_rag_v2_canary\materialized_sources\wsc-7dc11a30e67f3b914854c443.txt,be422bbc6d526b55567fabf5d64140aea41f29a4da777837e235abb23c80d5e2,58,nhieu-manh
wsc-7ea49d4f4bf91b9d4fdd947e,D:\Sandbox\AIOS_habbit\local_runs\workspace_chat_rag_v2_canary\materialized_sources\wsc-7ea49d4f4bf91b9d4fdd947e.txt,a8d7de8063ca37027226c1d3cdd24964af5b5946ec83a8acee5b7329d96c08ca,7,nhieu-manh
wsc-7f0a77dcd5d243e5f8ff4884,D:\Sandbox\AIOS_habbit\local_runs\workspace_chat_rag_v2_canary\materialized_sources\wsc-7f0a77dcd5d243e5f8ff4884.txt,acc75278459aa2f71e917c35c5c09de4afcfafd89cc25d0ae772729410357b44,27,nhieu-manh
wsc-7f5d66631ea984eb8dfb4614,D:\Sandbox\AIOS_habbit\local_runs\workspace_chat_rag_v2_canary\materialized_sources\wsc-7f5d66631ea984eb8dfb4614.txt,a39fd7b38698b87bdfc694ae057834945886ffb3950c8a7b915153b43ab77500,13,nhieu-manh
wsc-7fda9af6d612cc97e9d47dab,D:\Sandbox\AIOS_habbit\local_runs\workspace_chat_rag_v2_canary\materialized_sources\wsc-7fda9af6d612cc97e9d47dab.txt,43fa52e080c1535d8f2be8d09197bc30020dfb79b9d51ec2ff1a021d2a11c9c0,7,nhieu-manh
wsc-803436a6d602b9775a3c0a44,C:\AIOS_workspace_chat_rag_v2_production\materialized_sources\wsc-803436a6d602b9775a3c0a44.txt,803436a6d602b9775a3c0a44c6ceecefde6025042a3cb3d861fc9655aa5cc3ca,16,nhieu-manh
wsc-8248bdc24a71d8df21ffe3d7,D:\Sandbox\AIOS_habbit\local_runs\workspace_chat_rag_v2_canary\materialized_sources\wsc-8248bdc24a71d8df21ffe3d7.txt,400cd69bd33811b58e16d0bf4bae5170e8d49977abbeafc33f51b22af6d54ec5,7,nhieu-manh
wsc-831a6182163c98f5ca7256fd,D:\Sandbox\AIOS_habbit\local_runs\workspace_chat_rag_v2_canary\materialized_sources\wsc-831a6182163c98f5ca7256fd.txt,2f4b7f1b5aa43ffdaa1cd1ddcc61ae4c5dd6b36e7c4d77bfb27ce6d57580ef28,106,nhieu-manh
wsc-831d5d9b2124642784bc0fb3,C:\AIOS_workspace_chat_rag_v2_production\materialized_sources\wsc-831d5d9b2124642784bc0fb3.txt,831d5d9b2124642784bc0fb31c024751c6cd9cdf2f0500e5d40ebead6e2226fb,128,nhieu-manh
wsc-8399c46944dbc54cb406f5f2,D:\Sandbox\AIOS_habbit\local_runs\workspace_chat_rag_v2_canary\materialized_sources\wsc-8399c46944dbc54cb406f5f2.txt,8111528c75caae7525173974835155295baab0d74fe0329fcfc515a02da6faf5,21,nhieu-manh
wsc-841c550e596405b02acca0fc,D:\Sandbox\AIOS_habbit\local_runs\workspace_chat_rag_v2_canary\materialized_sources\wsc-841c550e596405b02acca0fc.txt,72b7138bc07eee49f94f82ac78d3cac410c0adea333cea93377d56bb1d591017,8,nhieu-manh
wsc-843d4c78354106aa63f64768,D:\Sandbox\AIOS_habbit\local_runs\workspace_chat_rag_v2_canary\materialized_sources\wsc-843d4c78354106aa63f64768.txt,234e71a4cbe84a2a587752bf5a4d82874f92446ecd8d8463813ad52d598c7324,8,nhieu-manh
wsc-8458ecd9bd71aa7161285f5e,D:\Sandbox\AIOS_habbit\local_runs\workspace_chat_rag_v2_canary\materialized_sources\wsc-8458ecd9bd71aa7161285f5e.txt,83d2cde1734187633b43b7a8e532b6ada6fee2f4ae51630d7aad7783d34df5f7,47,nhieu-manh
wsc-84b2db45574ff975b7f3d674,C:\AIOS_workspace_chat_rag_v2_production\materialized_sources\wsc-84b2db45574ff975b7f3d674.txt,84b2db45574ff975b7f3d6743d85a0a0ca71e5b4d20f9e82da3640fb0ae5d223,24,nhieu-manh
wsc-8542dc0b45fd92bfeac1d400,D:\Sandbox\AIOS_habbit\local_runs\workspace_chat_rag_v2_canary\materialized_sources\wsc-8542dc0b45fd92bfeac1d400.txt,31f44b58310c9039c71c98e123014cdb9e63dd48fa10d382512ecb28847fc450,7,nhieu-manh
wsc-856776d9f52abcb01c770de8,D:\Sandbox\AIOS_habbit\local_runs\workspace_chat_rag_v2_canary\materialized_sources\wsc-856776d9f52abcb01c770de8.txt,1091a22c4c738e60445a98e0fafa1613811da2ea01a0ef3be4a5e973b0fe2ff8,12,nhieu-manh
wsc-85767d5af538c492b57229d5,D:\Sandbox\AIOS_habbit\local_runs\workspace_chat_rag_v2_canary\materialized_sources\wsc-85767d5af538c492b57229d5.txt,755d1014578d3cf87c51e48224f4754de609e9e7eb3be97f177eedb034add960,11,nhieu-manh
wsc-85c52c3a94a508811c1e6e81,D:\Sandbox\AIOS_habbit\local_runs\workspace_chat_rag_v2_canary\materialized_sources\wsc-85c52c3a94a508811c1e6e81.txt,8040b42892e6c72c75ce383d039fbc24721473cca09415cbce6a9356f0e0b3ca,7,nhieu-manh
wsc-864a0f3fe5af4b07ba12ca31,D:\Sandbox\AIOS_habbit\local_runs\workspace_chat_rag_v2_canary\materialized_sources\wsc-864a0f3fe5af4b07ba12ca31.txt,922d8e83d4fb31e410b73fd6ffdb341ac7436fc2a19da8d98ac6cdfb9413d0fb,12,nhieu-manh
wsc-865ce9d83a09db055a608707,D:\Sandbox\AIOS_habbit\local_runs\workspace_chat_rag_v2_canary\materialized_sources\wsc-865ce9d83a09db055a608707.txt,9c1120cb70aa1d5fd4358f2a7f87238aae1d2327579450bb3e222fd4ee210d43,8,nhieu-manh
wsc-86943fc97c1785f868e20b00,D:\Sandbox\AIOS_habbit\local_runs\workspace_chat_rag_v2_canary\materialized_sources\wsc-86943fc97c1785f868e20b00.txt,a44b992f6c61ab3885a216c00ebcb59c8a9a5f6e0d2d01455b621ff517c1151c,8,nhieu-manh
wsc-8708909fc8c5140efa7389fc,D:\Sandbox\AIOS_habbit\local_runs\workspace_chat_rag_v2_canary\materialized_sources\wsc-8708909fc8c5140efa7389fc.txt,6fa0e8fc04ae65b3df237b08626c331ba9adc4de21fb7944696c6e2cb7b48ec3,12,nhieu-manh
wsc-8782bf3e41a80998543bc9dd,D:\Sandbox\AIOS_habbit\local_runs\workspace_chat_rag_v2_canary\materialized_sources\wsc-8782bf3e41a80998543bc9dd.txt,8782bf3e41a80998543bc9dd2aa8e94cbc84c311ed1e04cda27a6032833371e8,1,1-manh-lech
wsc-87d4c88ab790608fbe2b2f7e,D:\Sandbox\AIOS_habbit\local_runs\workspace_chat_rag_v2_canary\materialized_sources\wsc-87d4c88ab790608fbe2b2f7e.txt,73990ce2e3032974686b421945fe996b8f86733fa48c8ad495f16f3acce261d2,8,nhieu-manh
wsc-87e68f77013c9fae3fd9a281,D:\Sandbox\AIOS_habbit\local_runs\workspace_chat_rag_v2_canary\materialized_sources\wsc-87e68f77013c9fae3fd9a281.txt,2acd15f72222913698bd239752727a5d5b22f3ea841b7a408df44264abcf4236,24,nhieu-manh
wsc-87f9408a4e99965bdec734c3,D:\Sandbox\AIOS_habbit\local_runs\workspace_chat_rag_v2_canary\materialized_sources\wsc-87f9408a4e99965bdec734c3.txt,a81011befccb8f9c7f8fdfbb041dbb5ace39a8b0f5c83ab9cff2e7ef1c618652,12,nhieu-manh
wsc-88b9a732e3007c8110dc64bd,D:\Sandbox\AIOS_habbit\local_runs\workspace_chat_rag_v2_canary\materialized_sources\wsc-88b9a732e3007c8110dc64bd.txt,371e0515789918ca178510bff6479ebcf79199aa009bc5033ccdd8444e1373eb,8,nhieu-manh
wsc-894cf7bc9e15b9980ad7e6fb,D:\Sandbox\AIOS_habbit\local_runs\workspace_chat_rag_v2_canary\materialized_sources\wsc-894cf7bc9e15b9980ad7e6fb.txt,dfa6d06c4b39120640cd59389e390a1aea74cf9836bed52dd3b6df2a09fbe645,227,nhieu-manh
wsc-8a3bd0d172fd52cb192c6be7,D:\Sandbox\AIOS_habbit\local_runs\workspace_chat_rag_v2_canary\materialized_sources\wsc-8a3bd0d172fd52cb192c6be7.txt,7d3d673525c23a2678b2d45aefecd9656ec40fcea94f43a02caff144ae58c8b5,4,nhieu-manh
wsc-8b676a46c3aa4d9c7fd8c7cd,D:\Sandbox\AIOS_habbit\local_runs\workspace_chat_rag_v2_canary\materialized_sources\wsc-8b676a46c3aa4d9c7fd8c7cd.txt,830dc70f2d9ce6c9510a521bd19c33ad7fe9b92d678a73cbab6c6aa55b291cc8,7,nhieu-manh
wsc-8ca09df0112b8c8d0179c124,C:\AIOS_workspace_chat_rag_v2_production\materialized_sources\wsc-8ca09df0112b8c8d0179c124.txt,8ca09df0112b8c8d0179c1243bb3543d914859e2684289cb10c1a7140dc9fee8,3,nhieu-manh
wsc-8cc0793364bf7baaf4096f17,D:\Sandbox\AIOS_habbit\local_runs\workspace_chat_rag_v2_canary\materialized_sources\wsc-8cc0793364bf7baaf4096f17.txt,2da879066120a2b64625c67469133a7abc783226eb12543b940f1c8717b657be,9,nhieu-manh
wsc-8ce71e2a14d81de80d196655,D:\Sandbox\AIOS_habbit\local_runs\workspace_chat_rag_v2_canary\materialized_sources\wsc-8ce71e2a14d81de80d196655.txt,5d2f610a69cf193a6d06c754bcb659ca226a1065a0fa259a1480e4c8cab68003,1,1-manh-lech
wsc-8d6b06ce2266f3fee2004eef,D:\Sandbox\AIOS_habbit\local_runs\workspace_chat_rag_v2_canary\materialized_sources\wsc-8d6b06ce2266f3fee2004eef.txt,afab98df5046ff0e16d0968c1f571bce3bebd47ae738834571bfb0d98b47f267,6,nhieu-manh
wsc-8e2693333287a273de212e86,D:\Sandbox\AIOS_habbit\local_runs\workspace_chat_rag_v2_canary\materialized_sources\wsc-8e2693333287a273de212e86.txt,6e3e899ac8146d228dba1ec666619504df9b80720d508a8c2c75945b1e3c593b,7,nhieu-manh
wsc-8e77034be821a0defc399696,D:\Sandbox\AIOS_habbit\local_runs\workspace_chat_rag_v2_canary\materialized_sources\wsc-8e77034be821a0defc399696.txt,c82e16817ad76fd86d1da9e04294e8d50a4667708ea780c99e8343430086fa27,13,nhieu-manh
wsc-8f01db2d4310a5f9a2ffed98,D:\Sandbox\AIOS_habbit\local_runs\workspace_chat_rag_v2_canary\materialized_sources\wsc-8f01db2d4310a5f9a2ffed98.txt,7dcf12bb2ca246c5e39e679c7625952507085402bc0499c62a3bca92a87298fc,11,nhieu-manh
wsc-8f45a0e3b812448038544a7c,D:\Sandbox\AIOS_habbit\local_runs\workspace_chat_rag_v2_canary\materialized_sources\wsc-8f45a0e3b812448038544a7c.txt,4dfbc66dd88f827395e25a4489e39df6366999c34dafb71a6e82d0a9fcbafa56,33,nhieu-manh
wsc-8f9b210b6aa7127695267b2a,D:\Sandbox\AIOS_habbit\local_runs\workspace_chat_rag_v2_canary\materialized_sources\wsc-8f9b210b6aa7127695267b2a.txt,2ae1a8b60868e9a809bcad27e610da9d61212ad385ec198bb7fd599e767e0756,12,nhieu-manh
wsc-8f9caa49cee9d05bb1f76bd2,C:\AIOS_workspace_chat_rag_v2_production\materialized_sources\wsc-8f9caa49cee9d05bb1f76bd2.txt,8f9caa49cee9d05bb1f76bd271c8c5060586e2a1038494e81566f3f4f1e54906,25,nhieu-manh
wsc-8fa4fe038d9a05d81b9eb528,D:\Sandbox\AIOS_habbit\local_runs\workspace_chat_rag_v2_canary\materialized_sources\wsc-8fa4fe038d9a05d81b9eb528.txt,e57f7f60f65e42d30dd6fd41ff865b7369a6a5b2379c0fe56f896ffb297ff18f,13,nhieu-manh
wsc-900d495916697dad42a0e8dd,D:\Sandbox\AIOS_habbit\local_runs\workspace_chat_rag_v2_canary\materialized_sources\wsc-900d495916697dad42a0e8dd.txt,a3aa9cb3caab2ffdfc3e08b98255f09fdb661b85e05e4c057ce9e509d4b0d8c1,10,nhieu-manh
wsc-907f7112286b9826029a57ce,D:\Sandbox\AIOS_habbit\local_runs\workspace_chat_rag_v2_canary\materialized_sources\wsc-907f7112286b9826029a57ce.txt,18531110308c02bea63a6af937a268e0e05d97dfc791cb3f4ace359a67167b65,45,nhieu-manh
wsc-90b85d5dd5c07833d2dfe481,D:\Sandbox\AIOS_habbit\local_runs\workspace_chat_rag_v2_canary\materialized_sources\wsc-90b85d5dd5c07833d2dfe481.txt,90b85d5dd5c07833d2dfe481a36854e9f1cd7fc454007a3925037c9b78052b54,5,nhieu-manh
wsc-90c0903167e4e2bc194e328d,D:\Sandbox\AIOS_habbit\local_runs\workspace_chat_rag_v2_canary\materialized_sources\wsc-90c0903167e4e2bc194e328d.txt,5d393a1f7396b612d304f9ae2955f526b22d0154a1d89490e6916936e73c58f8,46,nhieu-manh
wsc-916199a6c397038f05d9229a,D:\Sandbox\AIOS_habbit\local_runs\workspace_chat_rag_v2_canary\materialized_sources\wsc-916199a6c397038f05d9229a.txt,6a404780c4727a101711aab80262c28f0cf85708b0837f68664684dd74fdcb8c,7,nhieu-manh
wsc-91ce4d7b6af13d7cecec04d7,D:\Sandbox\AIOS_habbit\local_runs\workspace_chat_rag_v2_canary\materialized_sources\wsc-91ce4d7b6af13d7cecec04d7.txt,2cd312d70e603f45b8b9f84ea4dc2a4153ce4726cfd61d56f5ec8bb4bc290cf7,6,nhieu-manh
wsc-91eca8a4697ceb4cd61721c6,D:\Sandbox\AIOS_habbit\local_runs\workspace_chat_rag_v2_canary\materialized_sources\wsc-91eca8a4697ceb4cd61721c6.txt,a3cc300fe89d17c0c83ac8bd9536650d7133c1d629416332ce0e58268961928a,12,nhieu-manh
wsc-91f40df35710a8f2addafc89,D:\Sandbox\AIOS_habbit\local_runs\workspace_chat_rag_v2_canary\materialized_sources\wsc-91f40df35710a8f2addafc89.txt,e757aaf5a719e7d45d81a2a7aedb6c2447d5ad07219185a2649cd877952df8a4,5,nhieu-manh
wsc-921a2daef8ecf13210a5c3ff,D:\Sandbox\AIOS_habbit\local_runs\workspace_chat_rag_v2_canary\materialized_sources\wsc-921a2daef8ecf13210a5c3ff.txt,b73c2b04ce9d7b4ff6b6f2b47a79aa06ace7a91908e6a2828cc1433a37afa26d,5,nhieu-manh
wsc-921d7a6025bee08cedda051d,D:\Sandbox\AIOS_habbit\local_runs\workspace_chat_rag_v2_canary\materialized_sources\wsc-921d7a6025bee08cedda051d.txt,426dd3032d4125987c9487f387e54e2d5e2618bdd97283d372e6dc8484d58482,3271,nhieu-manh
wsc-9291fbad2042853cb55ceeba,D:\Sandbox\AIOS_habbit\local_runs\workspace_chat_rag_v2_canary\materialized_sources\wsc-9291fbad2042853cb55ceeba.txt,4de8b365fe182be9b68e76bcb3c786403fd7c429b81d128dfcaf4a541b27f6ef,11,nhieu-manh
wsc-92b0281626781ec129e28804,D:\Sandbox\AIOS_habbit\local_runs\workspace_chat_rag_v2_canary\materialized_sources\wsc-92b0281626781ec129e28804.txt,ade9d655b2034ce3ff88efa0f0020fce1316f981faed428ddaaec8c03258b8cf,28,nhieu-manh
wsc-93a152e658d9e9c7d7577611,D:\Sandbox\AIOS_habbit\local_runs\workspace_chat_rag_v2_canary\materialized_sources\wsc-93a152e658d9e9c7d7577611.txt,37adb95148a7ca82a570652fe854ae0efed2ae825c356430cee5cc60dc2bbc14,8,nhieu-manh
wsc-93b4d09cfb820bdc9a04f258,D:\Sandbox\AIOS_habbit\local_runs\workspace_chat_rag_v2_canary\materialized_sources\wsc-93b4d09cfb820bdc9a04f258.txt,7330d7cb36c249ac7601188c68352d77ff3b27e9dccf659ef6e9187db5a79aa2,6,nhieu-manh
wsc-942e16fb891bdf307915ecc9,D:\Sandbox\AIOS_habbit\local_runs\workspace_chat_rag_v2_canary\materialized_sources\wsc-942e16fb891bdf307915ecc9.txt,b6cbf4d32535534e08faaacdedd99bfe3d31d2b76ae86d13aa8fc52d3b088a76,7,nhieu-manh
wsc-952f6f2564d8ab725da0c2ce,D:\Sandbox\AIOS_habbit\local_runs\workspace_chat_rag_v2_canary\materialized_sources\wsc-952f6f2564d8ab725da0c2ce.txt,10b8ee5030815054742baef9f8d4d01f0e99e48a5a75737934a50f3b0898776f,14,nhieu-manh
wsc-958ffd09945cc203c4d139b8,D:\Sandbox\AIOS_habbit\local_runs\workspace_chat_rag_v2_canary\materialized_sources\wsc-958ffd09945cc203c4d139b8.txt,9035e90fa15705279d43f7bc45ace35c1076f4fba85d1a14a790b84b1729ab02,8,nhieu-manh
wsc-95d4fbee8924c4dccc8711aa,D:\Sandbox\AIOS_habbit\local_runs\workspace_chat_rag_v2_canary\materialized_sources\wsc-95d4fbee8924c4dccc8711aa.txt,6448eb3cf0910a22cfe9e45f9bb05fa80c607ed222d641e529917272fce2099e,7,nhieu-manh
wsc-989a0376f54d1fc7ebc90698,C:\AIOS_workspace_chat_rag_v2_production\materialized_sources\wsc-989a0376f54d1fc7ebc90698.txt,989a0376f54d1fc7ebc906985fbbbafb6b8c7aa2f3738ec16c504cfd2cf3dd5d,35,nhieu-manh
wsc-98f1a2dba280d680dfa49eea,D:\Sandbox\AIOS_habbit\local_runs\workspace_chat_rag_v2_canary\materialized_sources\wsc-98f1a2dba280d680dfa49eea.txt,21e83648ad53eceb10b5525258c8f3f6567fe90cb8da448e465e18fe286f204b,9,nhieu-manh
wsc-991fbffcf8e0a07846e2e957,C:\AIOS_workspace_chat_rag_v2_production\materialized_sources\wsc-991fbffcf8e0a07846e2e957.txt,991fbffcf8e0a07846e2e957b66ca1cfc5f397505a57e932553250ac9a86c41f,22,nhieu-manh
wsc-998b92e8af5c086557e8797a,D:\Sandbox\AIOS_habbit\local_runs\workspace_chat_rag_v2_canary\materialized_sources\wsc-998b92e8af5c086557e8797a.txt,a16d4ca4c052892bc14a1d4b8d70bd8c87c6d32fcde7616a4204725306199462,9,nhieu-manh
wsc-99c84a9a69295ca7b518259a,D:\Sandbox\AIOS_habbit\local_runs\workspace_chat_rag_v2_canary\materialized_sources\wsc-99c84a9a69295ca7b518259a.txt,f8de0a6dfb5c5eb38c19c206c72a73a4d9304c79bf886a6969873ac8d2760f42,23,nhieu-manh
wsc-9a89ee076ef452c7837435d1,D:\Sandbox\AIOS_habbit\local_runs\workspace_chat_rag_v2_canary\materialized_sources\wsc-9a89ee076ef452c7837435d1.txt,1494d7673b6c7c11caf3bfa18c146e53816203ab71910ae2c81e125cf882ad2d,24,nhieu-manh
wsc-9abdeef3c1bfc6c3a09df1e7,D:\Sandbox\AIOS_habbit\local_runs\workspace_chat_rag_v2_canary\materialized_sources\wsc-9abdeef3c1bfc6c3a09df1e7.txt,c53b5bb610ded0ca902e61b0f352c2a9bec5d545f3037027fa536a5e8da58278,12,nhieu-manh
wsc-9abe0b8f8e644d009d771d5a,D:\Sandbox\AIOS_habbit\local_runs\workspace_chat_rag_v2_canary\materialized_sources\wsc-9abe0b8f8e644d009d771d5a.txt,097fe6a008b410dc299a0948f27a66e5630d11d71152304a646aa3e4a07ef3e4,10,nhieu-manh
wsc-9b0f3c85c73cf74b5dbd8bef,D:\Sandbox\AIOS_habbit\local_runs\workspace_chat_rag_v2_canary\materialized_sources\wsc-9b0f3c85c73cf74b5dbd8bef.txt,09ad6165918982a68743d33cecf055c4c398cd4d24cd02185a6dfd512b4082d7,97,nhieu-manh
wsc-9b72e97690e09625f2f4367b,D:\Sandbox\AIOS_habbit\local_runs\workspace_chat_rag_v2_canary\materialized_sources\wsc-9b72e97690e09625f2f4367b.txt,2bf44e5250f28af701d3719c50425d7f2af1b3ccc55fc4520d63981145f1f4fc,5,nhieu-manh
wsc-9bd46ef70a6555cd11bb15c4,D:\Sandbox\AIOS_habbit\local_runs\workspace_chat_rag_v2_canary\materialized_sources\wsc-9bd46ef70a6555cd11bb15c4.txt,34288798b174aa9f40155863eacf99282d5d567c4b4aa2ae619c20d6445a3863,13,nhieu-manh
wsc-9c82b1ca2e1898a8d9d03e8b,D:\Sandbox\AIOS_habbit\local_runs\workspace_chat_rag_v2_canary\materialized_sources\wsc-9c82b1ca2e1898a8d9d03e8b.txt,01853faf1c2f432ac272559cb0c8cc4cb2c03238795f892d350deb8b6db4da77,61760,nhieu-manh
wsc-9ce8c5d23d9755ce1df19227,D:\Sandbox\AIOS_habbit\local_runs\workspace_chat_rag_v2_canary\materialized_sources\wsc-9ce8c5d23d9755ce1df19227.txt,ce79245bf8740101967153a79a53d52eee47ab8c60ec0557a987ee3396c12da0,7,nhieu-manh
wsc-9d4730c1e88feb3aa3294e8c,D:\Sandbox\AIOS_habbit\local_runs\workspace_chat_rag_v2_canary\materialized_sources\wsc-9d4730c1e88feb3aa3294e8c.txt,025b94c3ccaaf827f48c98259969667537f6390fa1f23d21c32ccca910c5113b,5,nhieu-manh
wsc-9fd0492ef499048e300e36a5,D:\Sandbox\AIOS_habbit\local_runs\workspace_chat_rag_v2_canary\materialized_sources\wsc-9fd0492ef499048e300e36a5.txt,e48ea8e4d9d661fb9fcaa610a35546d0d8dbe5f6e40f8b4926ca22d296712f3d,12,nhieu-manh
wsc-a010f8f4fc78f6eabbaf4dff,D:\Sandbox\AIOS_habbit\local_runs\workspace_chat_rag_v2_canary\materialized_sources\wsc-a010f8f4fc78f6eabbaf4dff.txt,3009a4115afee49ffb19b893ba111d57bb02d33322d248086c194fb7f672bed4,13,nhieu-manh
wsc-a027dc74a6fb4b600fff5430,D:\Sandbox\AIOS_habbit\local_runs\workspace_chat_rag_v2_canary\materialized_sources\wsc-a027dc74a6fb4b600fff5430.txt,844f679694d255223edaebdd0c26de581c795f4e0a7c9dc0a24456a8b0ca2f35,10,nhieu-manh
wsc-a0846d72893f8d178f0d50c9,D:\Sandbox\AIOS_habbit\local_runs\workspace_chat_rag_v2_canary\materialized_sources\wsc-a0846d72893f8d178f0d50c9.txt,3f38bd7f046cf9a316c5d1686f67d1844524050669a26b32e166d54ba4ebc014,9,nhieu-manh
wsc-a1b8eb7507269dd4f862f709,D:\Sandbox\AIOS_habbit\local_runs\workspace_chat_rag_v2_canary\materialized_sources\wsc-a1b8eb7507269dd4f862f709.txt,7cd70a454055812fee4684e7b09ebc7675302b834e266a7496dc4f545d986aba,6,nhieu-manh
wsc-a36e39c1d9713f21dc65bcaf,D:\Sandbox\AIOS_habbit\local_runs\workspace_chat_rag_v2_canary\materialized_sources\wsc-a36e39c1d9713f21dc65bcaf.txt,a36e39c1d9713f21dc65bcaf7f38600d441835426e0ef3c2d4738e448373fec4,1,1-manh-lech
wsc-a422421f0162693ca6d6c829,D:\Sandbox\AIOS_habbit\local_runs\workspace_chat_rag_v2_canary\materialized_sources\wsc-a422421f0162693ca6d6c829.txt,9ef930c1ecb22762c6ec473ee66da8e3a984741c84aa67ef9b4c54b0b7bd5513,11,nhieu-manh
wsc-a6056603cd9e2cfbda3b9ca6,D:\Sandbox\AIOS_habbit\local_runs\workspace_chat_rag_v2_canary\materialized_sources\wsc-a6056603cd9e2cfbda3b9ca6.txt,2d7e63a83e675f9f59c5bcdbc16a58670715643955b2b9f86648d91f42ecb0e7,17,nhieu-manh
wsc-a629562965ea15b806bd8ff6,D:\Sandbox\AIOS_habbit\local_runs\workspace_chat_rag_v2_canary\materialized_sources\wsc-a629562965ea15b806bd8ff6.txt,4c695302c6dda8730a0a8b826fd394a923e299f8931fe5e28b29140b7b4d42b3,15,nhieu-manh
wsc-a656cc0d5bcc128c2eabc3b3,D:\Sandbox\AIOS_habbit\local_runs\workspace_chat_rag_v2_canary\materialized_sources\wsc-a656cc0d5bcc128c2eabc3b3.txt,f664bc6ce058c75059d18bc714f2b8cab400b96b9c17e7b9e5bff403a4f383c1,6,nhieu-manh
wsc-a6d76176e0998559e07f7072,D:\Sandbox\AIOS_habbit\local_runs\workspace_chat_rag_v2_canary\materialized_sources\wsc-a6d76176e0998559e07f7072.txt,a6d76176e0998559e07f7072957de964882445473064cc25dfc673452f17378f,28,nhieu-manh
wsc-a760bd10e5adc9d60f0546c7,D:\Sandbox\AIOS_habbit\local_runs\workspace_chat_rag_v2_canary\materialized_sources\wsc-a760bd10e5adc9d60f0546c7.txt,dd1de4736e43649160cc93678c10c4db8694ef73c0cc000b2fb8d3c498f77246,5,nhieu-manh
wsc-a9448dfc107ebbc20dd951ed,D:\Sandbox\AIOS_habbit\local_runs\workspace_chat_rag_v2_canary\materialized_sources\wsc-a9448dfc107ebbc20dd951ed.txt,a938b26e7f1f6b915c9d3c42f8c7a8b4db351a4ba76902c235f0f4ac5d10a969,15,nhieu-manh
wsc-a9752345da37158016836bb7,D:\Sandbox\AIOS_habbit\local_runs\workspace_chat_rag_v2_canary\materialized_sources\wsc-a9752345da37158016836bb7.txt,1bb13ca44ae256030a5fa2fdaff2d176c0bd10b4f6cc6ca39c9b715c01260ea4,7,nhieu-manh
wsc-a9dafab21d3287a9cea74290,D:\Sandbox\AIOS_habbit\local_runs\workspace_chat_rag_v2_canary\materialized_sources\wsc-a9dafab21d3287a9cea74290.txt,aeb1231dc3322a31e8d6087bb2535e074f65daf199cfec367d2fe8e5ab39eaa7,6,nhieu-manh
wsc-a9e56b8f8a6fd79a38d2eab9,D:\Sandbox\AIOS_habbit\local_runs\workspace_chat_rag_v2_canary\materialized_sources\wsc-a9e56b8f8a6fd79a38d2eab9.txt,b61f4835b44f247812b4295ad17e6d8221b76e50faf1616e294af350b284a318,9,nhieu-manh
wsc-ab150f1186115f64ca93a65d,D:\Sandbox\AIOS_habbit\local_runs\workspace_chat_rag_v2_canary\materialized_sources\wsc-ab150f1186115f64ca93a65d.txt,ab150f1186115f64ca93a65da6847448f8bd1dec77ab0c317c362c49b1230290,45,nhieu-manh
wsc-ab3c54ac9b8321fae82a5ba7,D:\Sandbox\AIOS_habbit\local_runs\workspace_chat_rag_v2_canary\materialized_sources\wsc-ab3c54ac9b8321fae82a5ba7.txt,f41b9ed846f93935b4958dab052d3a95314be1ec1920bd737a0356ea2b2e4707,1146,nhieu-manh
wsc-ab3ed0277c9e671ac3587bd0,D:\Sandbox\AIOS_habbit\local_runs\workspace_chat_rag_v2_canary\materialized_sources\wsc-ab3ed0277c9e671ac3587bd0.txt,480d4da5e3045a78cdc0cc8d54380a37092cc7e608567bb8d43175aeb9e5479a,590,nhieu-manh
wsc-abcbc33f243bd0eef6e3fd55,D:\Sandbox\AIOS_habbit\local_runs\workspace_chat_rag_v2_canary\materialized_sources\wsc-abcbc33f243bd0eef6e3fd55.txt,594683f5ffe32ab988ed7e44e85c7116ba67212d44e08f625de04ff26b0aca15,16,nhieu-manh
wsc-ac4003964ded9ce76832613b,D:\Sandbox\AIOS_habbit\local_runs\workspace_chat_rag_v2_canary\materialized_sources\wsc-ac4003964ded9ce76832613b.txt,f21c4cf050c28994d6026f14bf8e193cc898d9968370d79d237e5a80482be1ec,60,nhieu-manh
wsc-ac6edc7427a6faa961aa30fb,D:\Sandbox\AIOS_habbit\local_runs\workspace_chat_rag_v2_canary\materialized_sources\wsc-ac6edc7427a6faa961aa30fb.txt,7ee95e13de1fd37702643fc9ccd06497047df747965ed7241ced947d423d6d97,29,nhieu-manh
wsc-ad59d7227ae8d8ae5949fe08,D:\Sandbox\AIOS_habbit\local_runs\workspace_chat_rag_v2_canary\materialized_sources\wsc-ad59d7227ae8d8ae5949fe08.txt,79c7cc288b616f7f3b602daef166a7254cb078466eecd7d64401bb0a030bfb3e,45,nhieu-manh
wsc-adecf154c98b3e3e80b04510,D:\Sandbox\AIOS_habbit\local_runs\workspace_chat_rag_v2_canary\materialized_sources\wsc-adecf154c98b3e3e80b04510.txt,4e996d465749d0f00dc55429f2777c0510a4606afd8f350570256ad2e1d3f955,2677,nhieu-manh
wsc-af66518377381816dd1f1941,D:\Sandbox\AIOS_habbit\local_runs\workspace_chat_rag_v2_canary\materialized_sources\wsc-af66518377381816dd1f1941.txt,f60ccf6792736cebf5c0754f44a6ae5e25a13966a790c63e50d2280d3b3c3efc,19,nhieu-manh
wsc-b0217ce0f1e8c76b33cf16e1,D:\Sandbox\AIOS_habbit\local_runs\workspace_chat_rag_v2_canary\materialized_sources\wsc-b0217ce0f1e8c76b33cf16e1.txt,7e17e6dd6562dee47ab665d344ab2a32333e0a8b00c042164a84d065c7331482,8,nhieu-manh
wsc-b08efb14d63a9f17c55118fa,D:\Sandbox\AIOS_habbit\local_runs\workspace_chat_rag_v2_canary\materialized_sources\wsc-b08efb14d63a9f17c55118fa.txt,ac0b07de4fae403748d12cabb76243d07aa2a4cb694a9a876b2d384af9db54d2,15,nhieu-manh
wsc-b124bf7cf16c2ffe0bd1518a,D:\Sandbox\AIOS_habbit\local_runs\workspace_chat_rag_v2_canary\materialized_sources\wsc-b124bf7cf16c2ffe0bd1518a.txt,6fabc84601645f77422afbabc7a202ba780c025a2d68e710683002016bc5aa38,3,nhieu-manh
wsc-b1c531995a5eea7d42a66a3e,D:\Sandbox\AIOS_habbit\local_runs\workspace_chat_rag_v2_canary\materialized_sources\wsc-b1c531995a5eea7d42a66a3e.txt,857be2e6f57849b1bf5477e820265ddeb02a504af1680523e118496682dcf036,21,nhieu-manh
wsc-b204340ee659900704027697,D:\Sandbox\AIOS_habbit\local_runs\workspace_chat_rag_v2_canary\materialized_sources\wsc-b204340ee659900704027697.txt,f7b42f7e94d55496213bb3c528b1a71b3aa2d11bb7a7c63d7d0f3fc128a90281,7,nhieu-manh
wsc-b2a1ab94a524417179cd144e,D:\Sandbox\AIOS_habbit\local_runs\workspace_chat_rag_v2_canary\materialized_sources\wsc-b2a1ab94a524417179cd144e.txt,2c7b287c07013796c02ffacb3eaa230cf15fee928b53b1f9a8ca7ab366dc56e9,7,nhieu-manh
wsc-b2e22ec6dba6c50078d14b2a,D:\Sandbox\AIOS_habbit\local_runs\workspace_chat_rag_v2_canary\materialized_sources\wsc-b2e22ec6dba6c50078d14b2a.txt,ec0a89bc5ec064d88f27209283830d0ebf9fe16d454f5150c5a5d61c5e3b0c27,10,nhieu-manh
wsc-b2fb28663b5d62bab155737c,D:\Sandbox\AIOS_habbit\local_runs\workspace_chat_rag_v2_canary\materialized_sources\wsc-b2fb28663b5d62bab155737c.txt,ddff4330d33132af9cde8bcf7d8f82252cbf3164e7edfd44d4e713ddc310924e,4,nhieu-manh
wsc-b3d09ea354571834d5fe2dc1,D:\Sandbox\AIOS_habbit\local_runs\workspace_chat_rag_v2_canary\materialized_sources\wsc-b3d09ea354571834d5fe2dc1.txt,6b98ec59e7bb1e35de984ce54ba36544bb17341df91457b63a42d9ac86309ce7,7,nhieu-manh
wsc-b422a5dfbfa005d4e4832e5c,D:\Sandbox\AIOS_habbit\local_runs\workspace_chat_rag_v2_canary\materialized_sources\wsc-b422a5dfbfa005d4e4832e5c.txt,b01570ae94184d2d378258aa2026adf366e1177cf3f5dd913ad8a586a22be76b,186,nhieu-manh
wsc-b4cc75ecac2b2dcd7e2471c7,D:\Sandbox\AIOS_habbit\local_runs\workspace_chat_rag_v2_canary\materialized_sources\wsc-b4cc75ecac2b2dcd7e2471c7.txt,ec6c83976000814a9d2ba8796e8928c2690dcd9b5453c8e4f3b1fd0567793678,9,nhieu-manh
wsc-b4f7ba061c5c7e3bb4b84eb3,D:\Sandbox\AIOS_habbit\local_runs\workspace_chat_rag_v2_canary\materialized_sources\wsc-b4f7ba061c5c7e3bb4b84eb3.txt,b4f7ba061c5c7e3bb4b84eb3eb18bd92eeca2de7dba1e08ff1bdf6bdd8288571,31,nhieu-manh
wsc-b67a8ee411273ba936aa6e3c,D:\Sandbox\AIOS_habbit\local_runs\workspace_chat_rag_v2_canary\materialized_sources\wsc-b67a8ee411273ba936aa6e3c.txt,e297b320dd61e5a992d99fbd4b785328cac6b2b938e96541e286c67c2d15096d,7,nhieu-manh
wsc-b73034ba9fc77183e1e0a3de,D:\Sandbox\AIOS_habbit\local_runs\workspace_chat_rag_v2_canary\materialized_sources\wsc-b73034ba9fc77183e1e0a3de.txt,1960c2ac7a9f08932008765c16972ee127a00a0f868fc90e6e0558e46b035566,22,nhieu-manh
wsc-b7952d78731793540a69dcc2,D:\Sandbox\AIOS_habbit\local_runs\workspace_chat_rag_v2_canary\materialized_sources\wsc-b7952d78731793540a69dcc2.txt,bde2712926818f5e631830692f5ec4df6489842ad9d47f2a9e24ad8ed4ea393f,15,nhieu-manh
wsc-b8220b0d1cc36804b19e6dea,D:\Sandbox\AIOS_habbit\local_runs\workspace_chat_rag_v2_canary\materialized_sources\wsc-b8220b0d1cc36804b19e6dea.txt,b8220b0d1cc36804b19e6dea77e782746153a50aaaffc7385b578d6e28f062f5,128,nhieu-manh
wsc-b9a7cdf1be485464c426c840,D:\Sandbox\AIOS_habbit\local_runs\workspace_chat_rag_v2_canary\materialized_sources\wsc-b9a7cdf1be485464c426c840.txt,07518cbf77d380d5b97bcb2a97f8979e5cdf4bbd29f5771b5092d63d3cb638b4,15,nhieu-manh
wsc-ba1a2263c71d445eddea1776,D:\Sandbox\AIOS_habbit\local_runs\workspace_chat_rag_v2_canary\materialized_sources\wsc-ba1a2263c71d445eddea1776.txt,f1ca142aa6752d91c3af854267677515038a6ac92625b4342532e2dce5fa94fc,8,nhieu-manh
wsc-ba94accaf1209d4ef686dd8e,D:\Sandbox\AIOS_habbit\local_runs\workspace_chat_rag_v2_canary\materialized_sources\wsc-ba94accaf1209d4ef686dd8e.txt,6aa5d3d68446ee23198f487acb95d9f2956b6e316567e5354b695c8802287767,7,nhieu-manh
wsc-bb2f50ae6ea94abda3ff5b89,D:\Sandbox\AIOS_habbit\local_runs\workspace_chat_rag_v2_canary\materialized_sources\wsc-bb2f50ae6ea94abda3ff5b89.txt,ab22e04d082f879a6a5d88dca48bed4abe16e1e0fe6eece7db6b51af0eb58561,7,nhieu-manh
wsc-bc1d92dd29eb4dce0d0fc742,D:\Sandbox\AIOS_habbit\local_runs\workspace_chat_rag_v2_canary\materialized_sources\wsc-bc1d92dd29eb4dce0d0fc742.txt,11caa1a2249d82ed56fc5df1c1700df1c61d7865b7529808db34ce70685b3434,7,nhieu-manh
wsc-bcda9f863324d162d1ef4917,D:\Sandbox\AIOS_habbit\local_runs\workspace_chat_rag_v2_canary\materialized_sources\wsc-bcda9f863324d162d1ef4917.txt,66f6f2f8363a4ddc2ab49f3887e7ea9c3c35e487aead3ac93aefc714d2a6a9ce,17,nhieu-manh
wsc-bd169223852e951cbdb30f5f,D:\Sandbox\AIOS_habbit\local_runs\workspace_chat_rag_v2_canary\materialized_sources\wsc-bd169223852e951cbdb30f5f.txt,5324058204a04d8328e0ffb0633fb498f2c15345e510b380ce90f874fb05c943,6,nhieu-manh
wsc-bd829b64ef52a3d76ff1747c,D:\Sandbox\AIOS_habbit\local_runs\workspace_chat_rag_v2_canary\materialized_sources\wsc-bd829b64ef52a3d76ff1747c.txt,461cd5a67a737d4540731ce69ce4017eec90f532c5e64763218202c84236f917,16,nhieu-manh
wsc-be3445add4596246bda91ef8,D:\Sandbox\AIOS_habbit\local_runs\workspace_chat_rag_v2_canary\materialized_sources\wsc-be3445add4596246bda91ef8.txt,f0d946ad496ce895ff5ab96517407aab7c15546eec196018561c90ae1f8681d6,22,nhieu-manh
wsc-be7eeb5b5d407ea971154543,D:\Sandbox\AIOS_habbit\local_runs\workspace_chat_rag_v2_canary\materialized_sources\wsc-be7eeb5b5d407ea971154543.txt,0b917097167e022bcf456d60b12ca2586fe6742b3bf2e2d803579cf93bd80032,11,nhieu-manh
wsc-bef87e7dfd165abf6a18c8a7,C:\AIOS_workspace_chat_rag_v2_production\materialized_sources\wsc-bef87e7dfd165abf6a18c8a7.txt,bef87e7dfd165abf6a18c8a75f4e3cc751f4b89856bebbca3a3a7e5d9a409da6,57,nhieu-manh
wsc-bfbdd33cacd73c3e69d1ca2b,C:\AIOS_workspace_chat_rag_v2_production\materialized_sources\wsc-bfbdd33cacd73c3e69d1ca2b.txt,bfbdd33cacd73c3e69d1ca2b51687ff74947bd228c9060ba2a0002a164e2af7f,4,nhieu-manh
wsc-c0254596778177ec957c5b6f,D:\Sandbox\AIOS_habbit\local_runs\workspace_chat_rag_v2_canary\materialized_sources\wsc-c0254596778177ec957c5b6f.txt,8320fdf04d7ca04d5bf45edf179079320c50a674e2291688917aac72288e061f,7,nhieu-manh
wsc-c043520b00c14db807ffc0a1,D:\Sandbox\AIOS_habbit\local_runs\workspace_chat_rag_v2_canary\materialized_sources\wsc-c043520b00c14db807ffc0a1.txt,0e6608a77129e92d1d266d0fa41037032ff547ab1ee5f79b84a6e873fe09ddd8,24,nhieu-manh
wsc-c0cfb5bb4e58b93f4ac06c76,D:\Sandbox\AIOS_habbit\local_runs\workspace_chat_rag_v2_canary\materialized_sources\wsc-c0cfb5bb4e58b93f4ac06c76.txt,1e085174af345d01afbf88d651477fd0ddf9e2774e1543025df9554b1a094b51,78,nhieu-manh
wsc-c0e9b002e02fe7365b8054d0,D:\Sandbox\AIOS_habbit\local_runs\workspace_chat_rag_v2_canary\materialized_sources\wsc-c0e9b002e02fe7365b8054d0.txt,721c2cf2713f01bf709fc72d24adf214336662287119f3e84ed0978934cbd000,9,nhieu-manh
wsc-c18dcc9ac98cfd1c61aeb358,D:\Sandbox\AIOS_habbit\local_runs\workspace_chat_rag_v2_canary\materialized_sources\wsc-c18dcc9ac98cfd1c61aeb358.txt,63e6db73cf73370d25212b4d2880b088673659a66d2fdc7748a54d9487326df4,295,nhieu-manh
wsc-c1d4953ed00e0fa2c46d4abf,D:\Sandbox\AIOS_habbit\local_runs\workspace_chat_rag_v2_canary\materialized_sources\wsc-c1d4953ed00e0fa2c46d4abf.txt,50c06c4e4cba3577b5757f5356820b6bfed2c0e19737dbccd3f4985ecc590b1b,15,nhieu-manh
wsc-c2719d3da28bcf84b92af45c,D:\Sandbox\AIOS_habbit\local_runs\workspace_chat_rag_v2_canary\materialized_sources\wsc-c2719d3da28bcf84b92af45c.txt,3bff427116ccf441d3002275b3ec4d3ab1cd5768342360428b1142de237ba54b,16,nhieu-manh
wsc-c2cb0f8f952f4777a2d305d7,D:\Sandbox\AIOS_habbit\local_runs\workspace_chat_rag_v2_canary\materialized_sources\wsc-c2cb0f8f952f4777a2d305d7.txt,e77ca28852ede8aedae2c39b03491c0618b120e80a6d70b242bbab39afe936fd,7,nhieu-manh
wsc-c30c3e4f14dea65ed0d89754,D:\Sandbox\AIOS_habbit\local_runs\workspace_chat_rag_v2_canary\materialized_sources\wsc-c30c3e4f14dea65ed0d89754.txt,d272c7c1aa07f0129421f3d7c27242ff64cb74a6a46c36775c0153f20b1b35ac,640,nhieu-manh
wsc-c377fa58f234749851bf88d0,D:\Sandbox\AIOS_habbit\local_runs\workspace_chat_rag_v2_canary\materialized_sources\wsc-c377fa58f234749851bf88d0.txt,c74e46244f833a105fabe70607cca9f1c078ce7031ad9916bcc2445c87271025,7,nhieu-manh
wsc-c3ac0ce863b5204e2dd16151,D:\Sandbox\AIOS_habbit\local_runs\workspace_chat_rag_v2_canary\materialized_sources\wsc-c3ac0ce863b5204e2dd16151.txt,0e96d7ca0e7330548767cd54390bc13bb7bfb51b5bb06cd37c174867ca17b58b,1,1-manh-lech
wsc-c3e7ff49251ad8ff24cf613e,D:\Sandbox\AIOS_habbit\local_runs\workspace_chat_rag_v2_canary\materialized_sources\wsc-c3e7ff49251ad8ff24cf613e.txt,c45516dff07c91972dd9e1eeb9493724b048e8fa7e790e4938d05138e6eea151,6,nhieu-manh
wsc-c3fefcfc29d821befe521174,C:\AIOS_workspace_chat_rag_v2_production\materialized_sources\wsc-c3fefcfc29d821befe521174.txt,c3fefcfc29d821befe521174ac6f024b3bdfa43e359f3347d8e68cf56f59d272,3,nhieu-manh
wsc-c4470e2a1b0f67333f6075c4,D:\Sandbox\AIOS_habbit\local_runs\workspace_chat_rag_v2_canary\materialized_sources\wsc-c4470e2a1b0f67333f6075c4.txt,a1297a9862c15e7baa94de47b052e015ed097e12925b623f0a47193d72095c18,9,nhieu-manh
wsc-c5654c099fc04e2360e630e7,D:\Sandbox\AIOS_habbit\local_runs\workspace_chat_rag_v2_canary\materialized_sources\wsc-c5654c099fc04e2360e630e7.txt,afbec81ce9cc7bedb1a2ab78bfb28544f68733c91cbb88b9ab32ec18b14aba48,11,nhieu-manh
wsc-c601aaa050ebde0946ac6e41,D:\Sandbox\AIOS_habbit\local_runs\workspace_chat_rag_v2_canary\materialized_sources\wsc-c601aaa050ebde0946ac6e41.txt,eb203fd7602732b31a8d652a660d4c5354aa231411e3d0746ebc2ec2002cc628,11,nhieu-manh
wsc-c634eaf0e81bafad4a4b7f51,D:\Sandbox\AIOS_habbit\local_runs\workspace_chat_rag_v2_canary\materialized_sources\wsc-c634eaf0e81bafad4a4b7f51.txt,8ea057e7506cf866095fb999cb08f12a70f68c10ca0f1d25e804d216ad376b6b,20,nhieu-manh
wsc-c648d96d66a2ff7a796ed10b,D:\Sandbox\AIOS_habbit\local_runs\workspace_chat_rag_v2_canary\materialized_sources\wsc-c648d96d66a2ff7a796ed10b.txt,12b103f4d09a6fd8ae5a2a6d092418563847d105a2845a9cd1a5292d67f2d7f1,8,nhieu-manh
wsc-c714c329588af1673186fed9,D:\Sandbox\AIOS_habbit\local_runs\workspace_chat_rag_v2_canary\materialized_sources\wsc-c714c329588af1673186fed9.txt,0e3642278207c7c84eba8acd995eb6aacfb180fcff8227f6d03a63f136e13733,7,nhieu-manh
wsc-c7377cc9661005aa4d35d54e,D:\Sandbox\AIOS_habbit\local_runs\workspace_chat_rag_v2_canary\materialized_sources\wsc-c7377cc9661005aa4d35d54e.txt,989a0376f54d1fc7ebc906985fbbbafb6b8c7aa2f3738ec16c504cfd2cf3dd5d,2,nhieu-manh
wsc-c740667cfb878ee6c842b4a7,D:\Sandbox\AIOS_habbit\local_runs\workspace_chat_rag_v2_canary\materialized_sources\wsc-c740667cfb878ee6c842b4a7.txt,dc6216f9051c5d4cd857632889ca1caab88d67806e838c53c5d82753973200ac,12,nhieu-manh
wsc-c78a13819fa1ce6002437de7,D:\Sandbox\AIOS_habbit\local_runs\workspace_chat_rag_v2_canary\materialized_sources\wsc-c78a13819fa1ce6002437de7.txt,7c766be26e7ffab8f183f0416b5dc491d7e7c695e670f74b00afcbc5e5c63727,7,nhieu-manh
wsc-c796749fb56c6558d4a3006f,D:\Sandbox\AIOS_habbit\local_runs\workspace_chat_rag_v2_canary\materialized_sources\wsc-c796749fb56c6558d4a3006f.txt,771250cd6f4440517ab2ce6578880713de0f3a887b23a83d41c7f3a369e86779,78,nhieu-manh
wsc-c7af7d1a39f4e37f2174a4bf,D:\Sandbox\AIOS_habbit\local_runs\workspace_chat_rag_v2_canary\materialized_sources\wsc-c7af7d1a39f4e37f2174a4bf.txt,72713cff1cfd6dcde1bcebef0273cb0a67d7c1f601eddfd08084bc7a8ef15088,6,nhieu-manh
wsc-c7f5f0737a41a7f8d1e8f734,D:\Sandbox\AIOS_habbit\local_runs\workspace_chat_rag_v2_canary\materialized_sources\wsc-c7f5f0737a41a7f8d1e8f734.txt,374298ba2a9104de7d7fce935ed873e954ee646c326c39b59a590c8a5aa373da,21,nhieu-manh
wsc-c86111fa5390875aaa5fefb4,D:\Sandbox\AIOS_habbit\local_runs\workspace_chat_rag_v2_canary\materialized_sources\wsc-c86111fa5390875aaa5fefb4.txt,32974e9c6ee5a1b8ac298b06c0e862d67d9e7d47244e26c61062ac1f0288a960,13,nhieu-manh
wsc-c8cd3fc7721deb12af92b5bd,D:\Sandbox\AIOS_habbit\local_runs\workspace_chat_rag_v2_canary\materialized_sources\wsc-c8cd3fc7721deb12af92b5bd.txt,db4ac2554f19a7372cda3fa4dd10d62f11f430cc915d57b5a1e729edc908b658,12,nhieu-manh
wsc-c903cdc836408d749261e9a1,D:\Sandbox\AIOS_habbit\local_runs\workspace_chat_rag_v2_canary\materialized_sources\wsc-c903cdc836408d749261e9a1.txt,b7fa21f56604b859fb5d485e15a05f53fe900f080bcad2076c1cb775e0e475b9,15,nhieu-manh
wsc-c961124d57a87b233f3391f7,D:\Sandbox\AIOS_habbit\local_runs\workspace_chat_rag_v2_canary\materialized_sources\wsc-c961124d57a87b233f3391f7.txt,b734402c8512921cc6d6363e891045aa94bbba0f0b059614ceadd3c8d94df996,7,nhieu-manh
wsc-c9d0a14c3c7adb78ffe5c785,D:\Sandbox\AIOS_habbit\local_runs\workspace_chat_rag_v2_canary\materialized_sources\wsc-c9d0a14c3c7adb78ffe5c785.txt,12c547f5c68b200699424671f623eeaa63fa8b6d578088d4c7f21277bdd8cfc0,13,nhieu-manh
wsc-c9dca0889867430a81dd73f4,D:\Sandbox\AIOS_habbit\local_runs\workspace_chat_rag_v2_canary\materialized_sources\wsc-c9dca0889867430a81dd73f4.txt,26f80ae7a71b8817fd22967ff09fb566ce854384a6b38599db4c3a05685b20a6,21,nhieu-manh
wsc-cc13a93c2c2cd621a8487e05,D:\Sandbox\AIOS_habbit\local_runs\workspace_chat_rag_v2_canary\materialized_sources\wsc-cc13a93c2c2cd621a8487e05.txt,c3e9df975bd7aafcea02c32164d749e571e1671fc0de06678e717bfad0dd80a8,6,nhieu-manh
wsc-cc8f350176281fb128c76910,D:\Sandbox\AIOS_habbit\local_runs\workspace_chat_rag_v2_canary\materialized_sources\wsc-cc8f350176281fb128c76910.txt,23b357d42afe79dd16daa89a69935c371cdb631fc019aa0cfb4994a579081b86,10,nhieu-manh
wsc-ce0597d94b5fa4ef43b550e2,D:\Sandbox\AIOS_habbit\local_runs\workspace_chat_rag_v2_canary\materialized_sources\wsc-ce0597d94b5fa4ef43b550e2.txt,45045b407e28acfa8cd06819249e109c8e6f9bd9c92f5052dce831f1d824fa00,22,nhieu-manh
wsc-ce948fa79f1da30cb6dbba00,D:\Sandbox\AIOS_habbit\local_runs\workspace_chat_rag_v2_canary\materialized_sources\wsc-ce948fa79f1da30cb6dbba00.txt,dd5bb3a55341e35f2b8b12881b441cde7fcc002edc20b632555cd4f890833664,9,nhieu-manh
wsc-cf4294695747f2afb93f33d2,D:\Sandbox\AIOS_habbit\local_runs\workspace_chat_rag_v2_canary\materialized_sources\wsc-cf4294695747f2afb93f33d2.txt,0d38b270fe7d44b8748f96de209d3a110e1dd9f5e4f8ea5134ec265d458d7825,7,nhieu-manh
wsc-cf637181cd88adbdf54247c0,C:\AIOS_workspace_chat_rag_v2_production\materialized_sources\wsc-cf637181cd88adbdf54247c0.txt,cf637181cd88adbdf54247c02074aa2988a24532fa72ed1d7e717fd5fc097b0d,9,nhieu-manh
wsc-cf65eca7fae5dc7cabe71ec7,D:\Sandbox\AIOS_habbit\local_runs\workspace_chat_rag_v2_canary\materialized_sources\wsc-cf65eca7fae5dc7cabe71ec7.txt,ee2102dca9c24db9c8b5ebd7bc14c6166507e3fc0dc05bab3d5adc0e28735bef,3,nhieu-manh
wsc-cf73f1b9477ab2cf4349af0e,D:\Sandbox\AIOS_habbit\local_runs\workspace_chat_rag_v2_canary\materialized_sources\wsc-cf73f1b9477ab2cf4349af0e.txt,8524a0328bb43b89ff92d126138d70b80da5069f63d06bfd71c89dc35eb8db60,7,nhieu-manh
wsc-cfa5c7450e44172eb98c0089,D:\Sandbox\AIOS_habbit\local_runs\workspace_chat_rag_v2_canary\materialized_sources\wsc-cfa5c7450e44172eb98c0089.txt,2b798502af88bdc14cae79ad274a3650820bb5517fde586ea94b54d8857a65eb,3,nhieu-manh
wsc-cfe180f30fae3c031ffd5951,D:\Sandbox\AIOS_habbit\local_runs\workspace_chat_rag_v2_canary\materialized_sources\wsc-cfe180f30fae3c031ffd5951.txt,ac643309f82f3ee35ddab72bf76b2303cdf832714fbd25938d2c7bd391778b83,44,nhieu-manh
wsc-d033c2b9d2357d76e850dc05,D:\Sandbox\AIOS_habbit\local_runs\workspace_chat_rag_v2_canary\materialized_sources\wsc-d033c2b9d2357d76e850dc05.txt,6872a547e780dd3af1d64370d90c2ed4a1a51ff1e22fe408e6cce3fdc9efdc52,419,nhieu-manh
wsc-d06dec181562d253725080fd,D:\Sandbox\AIOS_habbit\local_runs\workspace_chat_rag_v2_canary\materialized_sources\wsc-d06dec181562d253725080fd.txt,d0b7046055fa234ca354076dbd9827cc97c8b4f4804d28a3753af6e18751d913,6,nhieu-manh
wsc-d1582dbca5c82c737612268e,D:\Sandbox\AIOS_habbit\local_runs\workspace_chat_rag_v2_canary\materialized_sources\wsc-d1582dbca5c82c737612268e.txt,c302008f9b95060b787568ce58447883dc263d26fac935fb6ad6086f745c9e77,6,nhieu-manh
wsc-d1735009c665ba4d305ae6ed,D:\Sandbox\AIOS_habbit\local_runs\workspace_chat_rag_v2_canary\materialized_sources\wsc-d1735009c665ba4d305ae6ed.txt,2ca9e05754a58776eb8386a5da3ef84bd493d0b2ed5c78e31033511f9fedca68,8,nhieu-manh
wsc-d17535366b5acd16c41ce29e,D:\Sandbox\AIOS_habbit\local_runs\workspace_chat_rag_v2_canary\materialized_sources\wsc-d17535366b5acd16c41ce29e.txt,339a49192b4b7ea48eeb998c055c94b97f9e615ed4baded87383b8b10208a43b,3,nhieu-manh
wsc-d182d6a6892d8de0f50133b4,D:\Sandbox\AIOS_habbit\local_runs\workspace_chat_rag_v2_canary\materialized_sources\wsc-d182d6a6892d8de0f50133b4.txt,368cd15570802db1203c52279af9936b4db4c9d1977fd3fdf46f072363e46de2,9,nhieu-manh
wsc-d1a2c5999f4354c2d267aa08,D:\Sandbox\AIOS_habbit\local_runs\workspace_chat_rag_v2_canary\materialized_sources\wsc-d1a2c5999f4354c2d267aa08.txt,a67391c9d9b167500a12e854f547a37cf90821d44177bbf6c3b5acb8b6dac3d5,2142,nhieu-manh
wsc-d1bbc4c4d0bf7ca8127a6634,D:\Sandbox\AIOS_habbit\local_runs\workspace_chat_rag_v2_canary\materialized_sources\wsc-d1bbc4c4d0bf7ca8127a6634.txt,503248b8ccc516940b4f0913c4975a15737a5b338b4b8ffefd67310a09ede0aa,10,nhieu-manh
wsc-d1c1b50a6c36e842a76867fd,D:\Sandbox\AIOS_habbit\local_runs\workspace_chat_rag_v2_canary\materialized_sources\wsc-d1c1b50a6c36e842a76867fd.txt,82c46f9f99759998a7bdfd5caed99f4a9d3f4b51ce04ea6c343ac6d89235f749,7,nhieu-manh
wsc-d1ce78b7d1767f75dda42083,D:\Sandbox\AIOS_habbit\local_runs\workspace_chat_rag_v2_canary\materialized_sources\wsc-d1ce78b7d1767f75dda42083.txt,2e6ac2d5db4e1469691e3c9ccb1d57dff0681e92aa41557af16a470c348e23a4,17,nhieu-manh
wsc-d28ff291fef726c2171ff1d7,D:\Sandbox\AIOS_habbit\local_runs\workspace_chat_rag_v2_canary\materialized_sources\wsc-d28ff291fef726c2171ff1d7.txt,2506e170ce897d60465c04c2cfe28fcbf10459dfb6c2fb718478da3d1611a105,1,1-manh-lech
wsc-d2f571952e88b9b3305826e0,D:\Sandbox\AIOS_habbit\local_runs\workspace_chat_rag_v2_canary\materialized_sources\wsc-d2f571952e88b9b3305826e0.txt,044c39568d7cd7e2f09d164a8ef9fa6b92130b63ad2e1e247707def4c22f4f0a,12,nhieu-manh
wsc-d320e16fa80ee7e311b42fb7,D:\Sandbox\AIOS_habbit\local_runs\workspace_chat_rag_v2_canary\materialized_sources\wsc-d320e16fa80ee7e311b42fb7.txt,d320e16fa80ee7e311b42fb756eb48971c3189f0f522ca22dab0a77883d8f189,4,nhieu-manh
wsc-d3cde7ece9ec0806ecaa792f,D:\Sandbox\AIOS_habbit\local_runs\workspace_chat_rag_v2_canary\materialized_sources\wsc-d3cde7ece9ec0806ecaa792f.txt,57aba00783a435fa0347686e7bf78ec3865590f3ed9bad4c149d37edbf0e5b06,6,nhieu-manh
wsc-d3d42ae454d5dd661cdff4ea,D:\Sandbox\AIOS_habbit\local_runs\workspace_chat_rag_v2_canary\materialized_sources\wsc-d3d42ae454d5dd661cdff4ea.txt,0084a1756341631db227db4fab793cd992e2b31286bc7d4cf50972a887a1ddd3,5,nhieu-manh
wsc-d489e437c9abecd020ee12ba,C:\AIOS_workspace_chat_rag_v2_production\materialized_sources\wsc-d489e437c9abecd020ee12ba.txt,d489e437c9abecd020ee12ba5c2f6981c81cdee3862503cb0f3b4b6da545e0af,35,nhieu-manh
wsc-d4e602e22bf25b3afea16ae8,D:\Sandbox\AIOS_habbit\local_runs\workspace_chat_rag_v2_canary\materialized_sources\wsc-d4e602e22bf25b3afea16ae8.txt,5ceb4111d8eea9bf3e8b78c0c577f7471e6a54e5021e3ce8fff6eb9b60802ac8,8,nhieu-manh
wsc-d50142fd6818b4cdf2a1385a,D:\Sandbox\AIOS_habbit\local_runs\workspace_chat_rag_v2_canary\materialized_sources\wsc-d50142fd6818b4cdf2a1385a.txt,b1472492099c171d444dd6ed49c9e14485b61785bbb97800b791e43961c17960,15,nhieu-manh
wsc-d565ab5246d84ce1c0ede464,D:\Sandbox\AIOS_habbit\local_runs\workspace_chat_rag_v2_canary\materialized_sources\wsc-d565ab5246d84ce1c0ede464.txt,eebd603312c33c205a9d06b597fc71d23ff9dc529806a67baab0dbfef8f7bbfd,7,nhieu-manh
wsc-d5721a7854185be7023fec63,D:\Sandbox\AIOS_habbit\local_runs\workspace_chat_rag_v2_canary\materialized_sources\wsc-d5721a7854185be7023fec63.txt,d5721a7854185be7023fec63d53d9262db50716cb8e707aaa772a506e05c7e0c,10,nhieu-manh
wsc-d590c4effcf23f50b86e25ee,D:\Sandbox\AIOS_habbit\local_runs\workspace_chat_rag_v2_canary\materialized_sources\wsc-d590c4effcf23f50b86e25ee.txt,30e83ebd065d6efa8519e9a938e4020497ee5b7a0a35299ca5ada32d70e2ac99,9,nhieu-manh
wsc-d677b1be8866b7495631a362,D:\Sandbox\AIOS_habbit\local_runs\workspace_chat_rag_v2_canary\materialized_sources\wsc-d677b1be8866b7495631a362.txt,ef166a0359c220b8c558206af4709015ef39b6d4074fc3d8b99791bd1bd34891,66,nhieu-manh
wsc-d85a82ca311641d56ef9c06b,D:\Sandbox\AIOS_habbit\local_runs\workspace_chat_rag_v2_canary\materialized_sources\wsc-d85a82ca311641d56ef9c06b.txt,f7a6c8e49f3e57e22704dd7c9d510de752edc2b128caf915ab7dde07f9505250,14,nhieu-manh
wsc-d86e792838659a8a6ddc040e,D:\Sandbox\AIOS_habbit\local_runs\workspace_chat_rag_v2_canary\materialized_sources\wsc-d86e792838659a8a6ddc040e.txt,d86e792838659a8a6ddc040ed498b8b85131b10e46e282c2cd7ed435154c8f8d,8,nhieu-manh
wsc-d90f8acf1edfbd5f21ef80a4,D:\Sandbox\AIOS_habbit\local_runs\workspace_chat_rag_v2_canary\materialized_sources\wsc-d90f8acf1edfbd5f21ef80a4.txt,6f61851ff40ba2dc04ea6cc5bdbee5f4a9b939097cb355078f3b19bca22953b5,10,nhieu-manh
wsc-d9e35041318fcc6ae5050630,D:\Sandbox\AIOS_habbit\local_runs\workspace_chat_rag_v2_canary\materialized_sources\wsc-d9e35041318fcc6ae5050630.txt,9269df3305cb5e423c10bfffe036510287709ad1551fe245214a4f8912a8b195,100,nhieu-manh
wsc-da34025c9863368d6d45baed,D:\Sandbox\AIOS_habbit\local_runs\workspace_chat_rag_v2_canary\materialized_sources\wsc-da34025c9863368d6d45baed.txt,a9f8ca0e389cc28cd08a4dd59b84468bf967bd3282fd1e6d639359b75f921fb1,18,nhieu-manh
wsc-da631a8393f534bcdbe55677,D:\Sandbox\AIOS_habbit\local_runs\workspace_chat_rag_v2_canary\materialized_sources\wsc-da631a8393f534bcdbe55677.txt,6947dc2d5f8de3d8a53138a8355ab0c758e676bbb09c0bdd4bc143065188fa76,29,nhieu-manh
wsc-da9dd616e97a5ad5eb253315,D:\Sandbox\AIOS_habbit\local_runs\workspace_chat_rag_v2_canary\materialized_sources\wsc-da9dd616e97a5ad5eb253315.txt,992725f5916ad740d2df80eb48b367673bee1a86a2c11c23116fabc83c9cde66,9,nhieu-manh
wsc-db175ac176b1f61b1d7366bc,D:\Sandbox\AIOS_habbit\local_runs\workspace_chat_rag_v2_canary\materialized_sources\wsc-db175ac176b1f61b1d7366bc.txt,a1e1cafffaab7170b2b5d654510d4b544b734c6c1124d325fdb6a09709632a46,69,nhieu-manh
wsc-db399570b90a8f853af0877e,D:\Sandbox\AIOS_habbit\local_runs\workspace_chat_rag_v2_canary\materialized_sources\wsc-db399570b90a8f853af0877e.txt,edcf2d36c33212e80b88abfff853ca6534a00f7b5f7361bb8d8fcd9c00d66a2c,11,nhieu-manh
wsc-dd3714ace41938b744ebc0cd,D:\Sandbox\AIOS_habbit\local_runs\workspace_chat_rag_v2_canary\materialized_sources\wsc-dd3714ace41938b744ebc0cd.txt,c3ca83023a063aa6d32c9e695fc6536ee5181b0f4005a3ebd74a53f751198b93,10,nhieu-manh
wsc-ddff4330d33132af9cde8bcf,C:\AIOS_workspace_chat_rag_v2_production\materialized_sources\wsc-ddff4330d33132af9cde8bcf.txt,ddff4330d33132af9cde8bcf7d8f82252cbf3164e7edfd44d4e713ddc310924e,4,nhieu-manh
wsc-dfc14e4889788f9139db7454,D:\Sandbox\AIOS_habbit\local_runs\workspace_chat_rag_v2_canary\materialized_sources\wsc-dfc14e4889788f9139db7454.txt,7aa637cceded7a98fc37a62df1429a52fe2bea02ecf3c1f992bb7faa72e847f7,7,nhieu-manh
wsc-e0138cd831766c178190b731,D:\Sandbox\AIOS_habbit\local_runs\workspace_chat_rag_v2_canary\materialized_sources\wsc-e0138cd831766c178190b731.txt,f2b5ab776085bb1cff240b5eff0013e092736f89edd1f163a80d38cd3b8f2cf7,48,nhieu-manh
wsc-e151054c1fae2e470e72c555,D:\Sandbox\AIOS_habbit\local_runs\workspace_chat_rag_v2_canary\materialized_sources\wsc-e151054c1fae2e470e72c555.txt,d15a44d85788b7810bc9d2826a503c8e9f6e8270db6e5afe49a09110493cbbe2,7,nhieu-manh
wsc-e1833b154abdca909a95f861,D:\Sandbox\AIOS_habbit\local_runs\workspace_chat_rag_v2_canary\materialized_sources\wsc-e1833b154abdca909a95f861.txt,6fa80a672b0dad5bd12ebff5a7e44f27d2561aedb900fd54cc918f4778e062ab,13,nhieu-manh
wsc-e297dfbd7aacd9a2a0655bb3,D:\Sandbox\AIOS_habbit\local_runs\workspace_chat_rag_v2_canary\materialized_sources\wsc-e297dfbd7aacd9a2a0655bb3.txt,34ff27b66245a00d69e451d46694a2df8f3b05ab4c450d45ab2cf33f1563848c,20,nhieu-manh
wsc-e346058a36bcea7a8af4bf3f,D:\Sandbox\AIOS_habbit\local_runs\workspace_chat_rag_v2_canary\materialized_sources\wsc-e346058a36bcea7a8af4bf3f.txt,e75d5a07003d36bf4e28e5451545307c73cca176f6d485c801db4785e1d40bbc,7,nhieu-manh
wsc-e3d09874a88fa3343bf97a34,D:\Sandbox\AIOS_habbit\local_runs\workspace_chat_rag_v2_canary\materialized_sources\wsc-e3d09874a88fa3343bf97a34.txt,5819ff533946ad28202f49300171553e57b323a939fc32a4eac20d4d39dd3b33,6,nhieu-manh
wsc-e47a9785d34d9cc99257909b,D:\Sandbox\AIOS_habbit\local_runs\workspace_chat_rag_v2_canary\materialized_sources\wsc-e47a9785d34d9cc99257909b.txt,53e5608b45dc669c41dd8c48566606b6ee39b64d124e34ef3b9b61a30da31fa3,7,nhieu-manh
wsc-e49f4e80655a7fcecf48ea70,D:\Sandbox\AIOS_habbit\local_runs\workspace_chat_rag_v2_canary\materialized_sources\wsc-e49f4e80655a7fcecf48ea70.txt,363fb1f4c86a05756f74fa8b9ba4613a043d8791ba0c5e2dc533c05807b1192c,23,nhieu-manh
wsc-e55ea3b2d44563c8ace198d5,D:\Sandbox\AIOS_habbit\local_runs\workspace_chat_rag_v2_canary\materialized_sources\wsc-e55ea3b2d44563c8ace198d5.txt,e0455efd66acd261cacd7a5f601f6c7b5844982495bf4a4cf45acef9d3698bbb,20,nhieu-manh
wsc-e5fe0eb9570af0dabd30002c,D:\Sandbox\AIOS_habbit\local_runs\workspace_chat_rag_v2_canary\materialized_sources\wsc-e5fe0eb9570af0dabd30002c.txt,bb09dad8b6bf8cd6c94cb0dd64e40e32bb26fc3ad205b7a75fa09d8dff9c56cf,16,nhieu-manh
wsc-e640f1cc1e6255147c30d453,D:\Sandbox\AIOS_habbit\local_runs\workspace_chat_rag_v2_canary\materialized_sources\wsc-e640f1cc1e6255147c30d453.txt,2ad06d27d8d7d25dbecb699bf37f22135649103ee9ded3100bd3f7084b509e58,6,nhieu-manh
wsc-e69f79d12e423dc6c63fe5e3,D:\Sandbox\AIOS_habbit\local_runs\workspace_chat_rag_v2_canary\materialized_sources\wsc-e69f79d12e423dc6c63fe5e3.txt,a7ca3d5d1af6b55dec9c858685fdd918bd67453b503533e9b4c720df4211038c,17,nhieu-manh
wsc-e70a9d9d9cd0f3ec6b13de4c,D:\Sandbox\AIOS_habbit\local_runs\workspace_chat_rag_v2_canary\materialized_sources\wsc-e70a9d9d9cd0f3ec6b13de4c.txt,c324712b5fa203c1f97f1c0e8ba00ec5459b1771597a0260c7b0e638feff7b5e,10,nhieu-manh
wsc-e7574eba54d8d6aac11fe8cd,D:\Sandbox\AIOS_habbit\local_runs\workspace_chat_rag_v2_canary\materialized_sources\wsc-e7574eba54d8d6aac11fe8cd.txt,57ff8966f3cc99da90dcf7c4acc331562c5b92f95b20d3c6234e4918e8f70df4,6,nhieu-manh
wsc-e7c9953864b318aa411f3093,D:\Sandbox\AIOS_habbit\local_runs\workspace_chat_rag_v2_canary\materialized_sources\wsc-e7c9953864b318aa411f3093.txt,ade843f5c10aaaadcb126a0aae8b1fb653d6a5087d1d97901cfb463aaf50c642,14,nhieu-manh
wsc-e84bb328ced276d4ec291a7b,C:\AIOS_workspace_chat_rag_v2_production\materialized_sources\wsc-e84bb328ced276d4ec291a7b.txt,e84bb328ced276d4ec291a7b62c9a76f3555472149b8e03e18c9b5786897f3c0,67,nhieu-manh
wsc-e94e601e208e77de3727b087,D:\Sandbox\AIOS_habbit\local_runs\workspace_chat_rag_v2_canary\materialized_sources\wsc-e94e601e208e77de3727b087.txt,02b333a73abe4cf036e45e1a72847038956e897c59fb76309213492df87c8125,7,nhieu-manh
wsc-e999c95b2f827de86831dc08,D:\Sandbox\AIOS_habbit\local_runs\workspace_chat_rag_v2_canary\materialized_sources\wsc-e999c95b2f827de86831dc08.txt,5666978cb6bfd611eb031be332d33770b74c397156ae495091831d518dcdb48f,7,nhieu-manh
wsc-e9b323093b10035c196b4a1e,D:\Sandbox\AIOS_habbit\local_runs\workspace_chat_rag_v2_canary\materialized_sources\wsc-e9b323093b10035c196b4a1e.txt,a538f7a3dab033210cd10cee2dcca4ce177ae64e24c49db426a6fdd28692dbc2,7,nhieu-manh
wsc-e9d27b6c728c286f2cf0ef93,D:\Sandbox\AIOS_habbit\local_runs\workspace_chat_rag_v2_canary\materialized_sources\wsc-e9d27b6c728c286f2cf0ef93.txt,e9d27b6c728c286f2cf0ef93436ac82888d41655c03457801e939bf2b0524fa7,13,nhieu-manh
wsc-eb785f3f137c2b729eea6ee6,D:\Sandbox\AIOS_habbit\local_runs\workspace_chat_rag_v2_canary\materialized_sources\wsc-eb785f3f137c2b729eea6ee6.txt,ecc833e5a9bc0114fe960ced45a6fc874800f93d5c71669e12d91697312e6208,7,nhieu-manh
wsc-eb7f9433ad175bba49c71f1a,D:\Sandbox\AIOS_habbit\local_runs\workspace_chat_rag_v2_canary\materialized_sources\wsc-eb7f9433ad175bba49c71f1a.txt,39acf3a4af58526f649db66147fc7cdcc84fa703d55abb88561cecf9dc4f54ce,3,nhieu-manh
wsc-ec0ae55d30cd38c6a4863bd7,D:\Sandbox\AIOS_habbit\local_runs\workspace_chat_rag_v2_canary\materialized_sources\wsc-ec0ae55d30cd38c6a4863bd7.txt,96f9d500b7090155b613783265490e92cfef33187fd497509c4c16bfe6a895f5,8,nhieu-manh
wsc-ec39b96aabbce0fb40ffa4bc,D:\Sandbox\AIOS_habbit\local_runs\workspace_chat_rag_v2_canary\materialized_sources\wsc-ec39b96aabbce0fb40ffa4bc.txt,18ea24aa99b6036cdd40228d38156a46408e61cb049971bf475fc1abac150314,9,nhieu-manh
wsc-ed1822032c9d2130ba32376c,D:\Sandbox\AIOS_habbit\local_runs\workspace_chat_rag_v2_canary\materialized_sources\wsc-ed1822032c9d2130ba32376c.txt,228cb7c745a66c9f0db2652bf74277b32b12758c3296fd2177225f116bf567e1,5,nhieu-manh
wsc-ed233e0c4a1b644c207b58a5,D:\Sandbox\AIOS_habbit\local_runs\workspace_chat_rag_v2_canary\materialized_sources\wsc-ed233e0c4a1b644c207b58a5.txt,0c5640cfecb37b31d765121fead6bf503c1afb52b5ddfe49a97a4fb55a424ed6,3,nhieu-manh
wsc-ed68732921223c2e64eb1304,D:\Sandbox\AIOS_habbit\local_runs\workspace_chat_rag_v2_canary\materialized_sources\wsc-ed68732921223c2e64eb1304.txt,60b2c65fe2409ea03aaaf1832d22aa236b4be504b1b26d4ef5a4f29cc424f8f4,9,nhieu-manh
wsc-edb642314890bccb9fbd61c9,D:\Sandbox\AIOS_habbit\local_runs\workspace_chat_rag_v2_canary\materialized_sources\wsc-edb642314890bccb9fbd61c9.txt,3c678f5e99619ef4e5421cbdbde92c93b86ed65eebde55a557e6a298aa79bc96,29,nhieu-manh
wsc-edb70d31441621a7baaa28c2,D:\Sandbox\AIOS_habbit\local_runs\workspace_chat_rag_v2_canary\materialized_sources\wsc-edb70d31441621a7baaa28c2.txt,edb70d31441621a7baaa28c2b2c208c5ed55ff9ca2231d27f70218e40c2c410d,4,nhieu-manh
wsc-edf9817dd705508ae5986f4e,D:\Sandbox\AIOS_habbit\local_runs\workspace_chat_rag_v2_canary\materialized_sources\wsc-edf9817dd705508ae5986f4e.txt,4547e95aa03f51c25fee90f2de67fd9e5127d805b5bc65185a1eee64653c8277,43,nhieu-manh
wsc-ee7417459272df6b0beaba3c,D:\Sandbox\AIOS_habbit\local_runs\workspace_chat_rag_v2_canary\materialized_sources\wsc-ee7417459272df6b0beaba3c.txt,6b21ac5edab90b48b04728e7d3e84846fbe0d1446bb9e97826aa4a083e978547,7,nhieu-manh
wsc-eea9d787f58cff7b019cf4ac,D:\Sandbox\AIOS_habbit\local_runs\workspace_chat_rag_v2_canary\materialized_sources\wsc-eea9d787f58cff7b019cf4ac.txt,74b2699cc47ff28816c828506d13f01361a41c01404c6d60627d67e7ab83f1cd,10,nhieu-manh
wsc-eed4d7d849c2fa03813a4c78,D:\Sandbox\AIOS_habbit\local_runs\workspace_chat_rag_v2_canary\materialized_sources\wsc-eed4d7d849c2fa03813a4c78.txt,0a5e1a15d6f1469371e810c7de8a44148a724b946c01f1abbecb98901e7554c6,5,nhieu-manh
wsc-eee84fc769be032b59c91f88,D:\Sandbox\AIOS_habbit\local_runs\workspace_chat_rag_v2_canary\materialized_sources\wsc-eee84fc769be032b59c91f88.txt,20484044fcc2bf84811807bcafbf8ea2fcddb4bf48fb9b44c45e382184732ab9,72,nhieu-manh
wsc-eefe38a9278f1a43fbe04e07,D:\Sandbox\AIOS_habbit\local_runs\workspace_chat_rag_v2_canary\materialized_sources\wsc-eefe38a9278f1a43fbe04e07.txt,92823fe7e4eb9e721ea2894d14e5890c46886de198bfe558ffe29fbb5d8a1b81,7,nhieu-manh
wsc-ef0d393c086c7f07627ca8b8,D:\Sandbox\AIOS_habbit\local_runs\workspace_chat_rag_v2_canary\materialized_sources\wsc-ef0d393c086c7f07627ca8b8.txt,ef0d393c086c7f07627ca8b81091cdbf383e0ca521822903eb676a18aacc865f,23,nhieu-manh
wsc-ef2a484ca7dce3af9666b643,D:\Sandbox\AIOS_habbit\local_runs\workspace_chat_rag_v2_canary\materialized_sources\wsc-ef2a484ca7dce3af9666b643.txt,d2bc72116e193290b0536e6dc9f5d688e549ee02f2516b51822637ae39f598af,12,nhieu-manh
wsc-ef469ab3d32e4c1060e9f947,D:\Sandbox\AIOS_habbit\local_runs\workspace_chat_rag_v2_canary\materialized_sources\wsc-ef469ab3d32e4c1060e9f947.txt,5ff58e0421fe9d5c5a8d1afbfd82901dd9f6f9eb73540475406a93e722c05da4,4,nhieu-manh
wsc-efaad6f86415572c03c67b9a,D:\Sandbox\AIOS_habbit\local_runs\workspace_chat_rag_v2_canary\materialized_sources\wsc-efaad6f86415572c03c67b9a.txt,e5f9907f399260f02b9b2cc59728616d32ea6819ce08e918a71a0e9003a46848,19,nhieu-manh
wsc-f0301a7b95e757da242e62cc,D:\Sandbox\AIOS_habbit\local_runs\workspace_chat_rag_v2_canary\materialized_sources\wsc-f0301a7b95e757da242e62cc.txt,545104b00707e651f9136d165dbc2b3e6ebcc2252c241605ed6a268311fa93e8,45,nhieu-manh
wsc-f03cc5ffa6b46fb4b5e3572c,D:\Sandbox\AIOS_habbit\local_runs\workspace_chat_rag_v2_canary\materialized_sources\wsc-f03cc5ffa6b46fb4b5e3572c.txt,2ff74a0e11f83ce2d78af60f71224fb6787ea89a6235101ad914fa2b3058993b,3,nhieu-manh
wsc-f131b2b0169443cf4e1dc576,D:\Sandbox\AIOS_habbit\local_runs\workspace_chat_rag_v2_canary\materialized_sources\wsc-f131b2b0169443cf4e1dc576.txt,f131b2b0169443cf4e1dc57602e93a973f85ff812373de0577e1707cb5d16367,10,nhieu-manh
wsc-f1500d9f841de301382fef0a,D:\Sandbox\AIOS_habbit\local_runs\workspace_chat_rag_v2_canary\materialized_sources\wsc-f1500d9f841de301382fef0a.txt,29cc07ceb9ce044922f7bbb15de8e8f341b2774144c14091d743fdc54d46cb3c,10,nhieu-manh
wsc-f165c842e6ea20b0ebdb4ab5,D:\Sandbox\AIOS_habbit\local_runs\workspace_chat_rag_v2_canary\materialized_sources\wsc-f165c842e6ea20b0ebdb4ab5.txt,cbae9f66bbd51eded19c6d1c5c8fe83f682a7025ebf54a6625be0f7d40ab02a3,108,nhieu-manh
wsc-f287d46f33966942d7ee887c,D:\Sandbox\AIOS_habbit\local_runs\workspace_chat_rag_v2_canary\materialized_sources\wsc-f287d46f33966942d7ee887c.txt,f287d46f33966942d7ee887c5a0604db131f26a323c2a8336f92d6204226d24f,4,nhieu-manh
wsc-f3f710aba8cf2bba652dcdd2,D:\Sandbox\AIOS_habbit\local_runs\workspace_chat_rag_v2_canary\materialized_sources\wsc-f3f710aba8cf2bba652dcdd2.txt,3283a2b50d2e4886007b52ec14ae7edb8ba9cdda36df863a87796159e91da7f5,22,nhieu-manh
wsc-f42456150599cfd058554c3e,D:\Sandbox\AIOS_habbit\local_runs\workspace_chat_rag_v2_canary\materialized_sources\wsc-f42456150599cfd058554c3e.txt,a3f3ca16a47995aedf01caebfbb6762c1bb10b56148a8d145be8997226498f14,19,nhieu-manh
wsc-f4560f43f2f522ffe7ca9aea,D:\Sandbox\AIOS_habbit\local_runs\workspace_chat_rag_v2_canary\materialized_sources\wsc-f4560f43f2f522ffe7ca9aea.txt,68fbfb4ffbde1f2b352be62a04b71a4416c1ef6930bd1c7fe69ff9ee6a2df032,8,nhieu-manh
wsc-f50f5a0150d8d0e79143ad48,D:\Sandbox\AIOS_habbit\local_runs\workspace_chat_rag_v2_canary\materialized_sources\wsc-f50f5a0150d8d0e79143ad48.txt,bac7bd7ec25a84b330171239c2accb847ad39bd1510ca5094caa895ad7bd4208,20,nhieu-manh
wsc-f5317d657bb48200fe0fa217,C:\AIOS_workspace_chat_rag_v2_production\materialized_sources\wsc-f5317d657bb48200fe0fa217.txt,f5317d657bb48200fe0fa21701e7cd3d69719a0de87761d4119d30ed61304510,4,nhieu-manh
wsc-f5d26558502f914517c0be8c,D:\Sandbox\AIOS_habbit\local_runs\workspace_chat_rag_v2_canary\materialized_sources\wsc-f5d26558502f914517c0be8c.txt,813939279412a87f9cf7ecf85c1be7c154c0216b6d4b47f35ab24f803f98fedd,7,nhieu-manh
wsc-f6a1aa5acceaba157c23a459,D:\Sandbox\AIOS_habbit\local_runs\workspace_chat_rag_v2_canary\materialized_sources\wsc-f6a1aa5acceaba157c23a459.txt,7b59ebabf3d162be1c3a15440b394a1ed6e3444c8527fc747a62d3f6f7b4daf0,11,nhieu-manh
wsc-f7276290ed2d6746fe646941,D:\Sandbox\AIOS_habbit\local_runs\workspace_chat_rag_v2_canary\materialized_sources\wsc-f7276290ed2d6746fe646941.txt,73a54cee764eda5d635dadbdea2caeb7670eb2171262e90076df83144454e964,7,nhieu-manh
wsc-f7803a0e6f985358687d3122,D:\Sandbox\AIOS_habbit\local_runs\workspace_chat_rag_v2_canary\materialized_sources\wsc-f7803a0e6f985358687d3122.txt,51548ca220d6ccc9ec419c8cd2a96a9ff9848240ba6f86f1bf1eb965a3f50c0b,53,nhieu-manh
wsc-f78359f9fd1d8169981942d4,D:\Sandbox\AIOS_habbit\local_runs\workspace_chat_rag_v2_canary\materialized_sources\wsc-f78359f9fd1d8169981942d4.txt,f3627940d907601d3b2d26e83575e9444b7c8ec74553f27cec321e334d89d999,21,nhieu-manh
wsc-f796eee58f407ed5332b6d2d,D:\Sandbox\AIOS_habbit\local_runs\workspace_chat_rag_v2_canary\materialized_sources\wsc-f796eee58f407ed5332b6d2d.txt,0f4a4813eeaa1437a7cc7776fa134598c8078ccc814aba91011383d8ad1d71db,177,nhieu-manh
wsc-f7c038c5298d57f6fc126895,D:\Sandbox\AIOS_habbit\local_runs\workspace_chat_rag_v2_canary\materialized_sources\wsc-f7c038c5298d57f6fc126895.txt,40bdd214dfe35b952256faf1e2d7f8615594287ec034de0f41ab4c167039c98f,4,nhieu-manh
wsc-f824664c3f21c5cd6dfef082,D:\Sandbox\AIOS_habbit\local_runs\workspace_chat_rag_v2_canary\materialized_sources\wsc-f824664c3f21c5cd6dfef082.txt,bef87e7dfd165abf6a18c8a75f4e3cc751f4b89856bebbca3a3a7e5d9a409da6,57,nhieu-manh
wsc-f8fafb2ac813c0c8dad2aae3,D:\Sandbox\AIOS_habbit\local_runs\workspace_chat_rag_v2_canary\materialized_sources\wsc-f8fafb2ac813c0c8dad2aae3.txt,c93e198fdfa29afb626e816bb9a2873ca3e3ac5327ea714dc854ce185d5caa13,25,nhieu-manh
wsc-fa03a4b0ad4fd23942b317c5,C:\AIOS_workspace_chat_rag_v2_production\materialized_sources\wsc-fa03a4b0ad4fd23942b317c5.txt,fa03a4b0ad4fd23942b317c5238d4977e4ab456d0c65764113b6d2a86b4b963d,46,nhieu-manh
wsc-fa75c3428af75175f9f4d5aa,D:\Sandbox\AIOS_habbit\local_runs\workspace_chat_rag_v2_canary\materialized_sources\wsc-fa75c3428af75175f9f4d5aa.txt,f38efc4a7fe807f7c72ca2a1f4e16f2bf0d2040e8aabc795393816cebf3322ef,1,1-manh-lech
wsc-fb277aa9484017b30147f7bd,D:\Sandbox\AIOS_habbit\local_runs\workspace_chat_rag_v2_canary\materialized_sources\wsc-fb277aa9484017b30147f7bd.txt,0391712549cb1d60837ac0d45ee3c234ea3ff233aa5dcb53a5fd2d3dc2592125,13,nhieu-manh
wsc-fb3c0c9d41407d55a8dbb2fe,D:\Sandbox\AIOS_habbit\local_runs\workspace_chat_rag_v2_canary\materialized_sources\wsc-fb3c0c9d41407d55a8dbb2fe.txt,af4f9a2edcfbe60bbf45862fd8a675739e9f3c96e274329689aef304b8579c87,63,nhieu-manh
wsc-fb69867468c0def75120661d,D:\Sandbox\AIOS_habbit\local_runs\workspace_chat_rag_v2_canary\materialized_sources\wsc-fb69867468c0def75120661d.txt,ae012d0030cc3acdbf6a82b24dde00f538931d5a1a8c74e056d2a0c989154d5c,43,nhieu-manh
wsc-fc43a654334a07af70edeed7,D:\Sandbox\AIOS_habbit\local_runs\workspace_chat_rag_v2_canary\materialized_sources\wsc-fc43a654334a07af70edeed7.txt,62be9029d86e9ca0344ac8e1d1e4d038a34c0637d2b337a9cf399e14393d40c3,44,nhieu-manh
wsc-fd6bc115996a8ed43f3522ed,D:\Sandbox\AIOS_habbit\local_runs\workspace_chat_rag_v2_canary\materialized_sources\wsc-fd6bc115996a8ed43f3522ed.txt,fe621dc8c2fb352d87820884a18bf365f1ec5dd31ef0c02e01fe47fa5e82be4f,26,nhieu-manh
wsc-fdf051d0582fad7f5cf2fc18,D:\Sandbox\AIOS_habbit\local_runs\workspace_chat_rag_v2_canary\materialized_sources\wsc-fdf051d0582fad7f5cf2fc18.txt,84b2db45574ff975b7f3d6743d85a0a0ca71e5b4d20f9e82da3640fb0ae5d223,24,nhieu-manh
wsc-fe4b3598210150f6b3c2316b,D:\Sandbox\AIOS_habbit\local_runs\workspace_chat_rag_v2_canary\materialized_sources\wsc-fe4b3598210150f6b3c2316b.txt,7abcc70f375b44a647ec2b7bd14697e8c389b72b82e197b10693ccf7c526d859,163,nhieu-manh
wsc-fee0e656f0679fe3e4772ec3,D:\Sandbox\AIOS_habbit\local_runs\workspace_chat_rag_v2_canary\materialized_sources\wsc-fee0e656f0679fe3e4772ec3.txt,45720304a04c7e49f48a041c8efc35af7a4a6132b89c37ae4ef31539a88928b9,23,nhieu-manh
wsc-ff15094d75da944537b74c37,D:\Sandbox\AIOS_habbit\local_runs\workspace_chat_rag_v2_canary\materialized_sources\wsc-ff15094d75da944537b74c37.txt,422dea3a780e03728c2aa87f96efde3a3e50e50e8fcfb7a1736872bd31deb9ae,18,nhieu-manh
wsc-ff8304af86028eaa474a1706,D:\Sandbox\AIOS_habbit\local_runs\workspace_chat_rag_v2_canary\materialized_sources\wsc-ff8304af86028eaa474a1706.txt,015a1b6d9a94dc147ca1058808d4daa85266377ea2c2eafe018182b05b8d7450,25,nhieu-manh
wsc-ffa5990a715ba460983eb681,D:\Sandbox\AIOS_habbit\local_runs\workspace_chat_rag_v2_canary\materialized_sources\wsc-ffa5990a715ba460983eb681.txt,1eccdadff5088b8c3aa473928e34110e41b5205ebbb004e86f228327d7d0e7fb,1,1-manh-lech
